ID_chainID	ID_resSeq	Degree	Closeness	Betweenness	PageRank	Eigenvector
A	1	2	0.000329381	0	0.00141154	9.94216e-05
A	2	3	0.000372301	105.049	0.00186539	0.000427135
A	3	4	0.000374953	265.728	0.00225783	0.000834367
A	4	5	0.00043122	740.139	0.00224984	0.00448588
A	5	5	0.000428266	369.595	0.00202177	0.00557435
A	6	11	0.000498504	1043.25	0.00321355	0.0259497
A	7	8	0.000498753	280.102	0.00236051	0.020833
A	8	7	0.000476872	160.052	0.00211777	0.0186266
A	9	11	0.000518672	213.382	0.00288087	0.0381643
A	10	16	0.000562746	1142.37	0.00390368	0.0663518
A	11	10	0.000526593	168.115	0.00262533	0.0376467
A	12	10	0.000530504	342.358	0.00257142	0.0418226
A	13	12	0.000571429	223.006	0.00284217	0.0706013
A	14	13	0.000609013	939.188	0.00302933	0.0796943
A	15	9	0.000573723	414.088	0.00222265	0.0522947
A	16	13	0.00061237	1009.32	0.00296407	0.0872223
A	17	14	0.000638162	623.782	0.00306772	0.116866
A	18	12	0.000656599	1721.24	0.00272255	0.085409
A	19	12	0.000610874	689.369	0.00279551	0.0779226
A	20	16	0.000649351	1386.17	0.00342656	0.134987
A	21	17	0.000706714	3176.51	0.00364463	0.128613
A	22	12	0.000627746	657.81	0.00275121	0.0823032
A	23	16	0.000641026	1658.92	0.00359601	0.0980865
A	24	12	0.000646831	333.439	0.00269118	0.0965765
A	25	13	0.000666223	1493.08	0.00292105	0.0861646
A	26	9	0.000617665	263.739	0.00217349	0.0576072
A	27	14	0.000607533	1014.77	0.0032459	0.0725799
A	28	16	0.000667111	2690.97	0.00361193	0.0880624
A	29	9	0.00058651	137.13	0.00225182	0.0431714
A	30	11	0.000558971	457.162	0.00283241	0.0353869
A	31	14	0.000560538	334.865	0.00338955	0.0521771
A	32	12	0.000564653	301.088	0.00303343	0.0363028
A	33	7	0.000542594	59.0246	0.00192064	0.0229191
A	34	6	0.000486145	2.5429	0.00172346	0.0154914
A	35	9	0.000504286	171.018	0.00242652	0.0202151
A	36	11	0.00054615	141.131	0.0028252	0.0295605
A	37	7	0.000531067	21.3122	0.00196302	0.0158132
A	38	7	0.000540249	44.5839	0.0019445	0.0167628
A	39	6	0.000537057	6.22214	0.00172525	0.013678
A	40	12	0.000567537	476.286	0.00303762	0.0298338
A	41	15	0.000648508	2320.53	0.0035603	0.0542915
A	42	12	0.00058072	831.704	0.00294219	0.0332132
A	43	8	0.000562114	26.8658	0.00209146	0.0236372
A	44	14	0.000597729	577.498	0.00331604	0.0508257
A	45	14	0.00063012	1021.94	0.003255	0.0531319
A	46	11	0.000589275	808.88	0.00266856	0.0343193
A	47	11	0.000551268	176.062	0.00276089	0.0306248
A	48	12	0.00055371	172.975	0.00302005	0.0321408
A	49	5	0.000523013	0	0.00148015	0.0134355
A	50	8	0.000539374	84.3345	0.00212662	0.0244642
A	51	13	0.000633312	1193.29	0.00312264	0.0514031
A	52	11	0.000577034	550.024	0.00284109	0.0318417
A	53	9	0.000612745	378.311	0.00221094	0.0511974
A	54	13	0.000581395	884.362	0.00314395	0.0647874
A	55	11	0.000595948	256.742	0.00259429	0.0708149
A	56	12	0.000652742	2382.01	0.00283926	0.0633252
A	57	9	0.000559597	427.896	0.00231916	0.0359047
A	58	14	0.000577701	791.519	0.0033136	0.0687932
A	59	9	0.000560538	493.685	0.00230192	0.0380491
A	60	9	0.000606428	326.328	0.00217858	0.0581914
A	61	11	0.000618429	678.892	0.00259947	0.0606693
A	62	10	0.000618429	372.437	0.00240605	0.0461616
A	63	10	0.000626174	452.237	0.0024367	0.0399101
A	64	11	0.000619963	423.95	0.00269048	0.0381437
A	65	7	0.000571429	221.982	0.00188087	0.021859
A	66	10	0.000576037	115.555	0.00249307	0.0358142
A	67	15	0.00065703	1295.4	0.00344691	0.0721118
A	68	12	0.000612745	477.991	0.00288915	0.0462892
A	69	7	0.000557414	114.603	0.00188396	0.0229578
A	70	11	0.000571102	297.29	0.0026731	0.0481316
A	71	7	0.000523013	54.5917	0.00186116	0.0289483
A	72	11	0.000532765	203.544	0.00268089	0.0512466
A	73	11	0.000518135	260.088	0.00273174	0.0495864
A	74	11	0.000519481	159.377	0.00266336	0.055537
A	75	15	0.000589275	866.312	0.0034032	0.0861597
A	76	15	0.000573066	586.266	0.00339132	0.0921109
A	77	15	0.000528821	550.087	0.00352538	0.0737125
A	78	16	0.000601323	1010.9	0.00359215	0.0972912
A	79	13	0.00059952	459.82	0.00287674	0.106393
A	80	13	0.000543183	405.418	0.00292965	0.092639
A	81	15	0.000554324	618.74	0.00342899	0.0912172
A	82	16	0.000617665	1063.8	0.00344468	0.133368
A	83	15	0.000618812	1024.35	0.00323272	0.130322
A	84	11	0.000547945	315.824	0.00255596	0.0780573
A	85	14	0.000555864	399.897	0.00319167	0.0901986
A	86	17	0.000619579	1385.56	0.00368437	0.131392
A	87	12	0.000538503	204.395	0.00277045	0.0791256
A	88	11	0.000530223	329.781	0.00268708	0.0583089
A	89	11	0.000554631	186.903	0.00265446	0.0623865
A	90	14	0.000559597	439.69	0.00321457	0.0841796
A	91	9	0.000488043	40.472	0.0022487	0.044173
A	92	11	0.000525762	298.848	0.0028175	0.0455449
A	93	15	0.000554324	678.761	0.00348644	0.0789966
A	94	9	0.000487567	24.3061	0.00230283	0.0371163
A	95	8	0.000486618	50.7186	0.00213739	0.0277754
A	96	11	0.000539374	246.778	0.0027346	0.044756
A	97	16	0.000560538	846.345	0.00378829	0.0700116
A	98	8	0.000485673	23.4065	0.00215943	0.0258582
A	99	8	0.000508388	140.148	0.00220982	0.0207982
A	100	10	0.000516262	123.436	0.00264237	0.0293439
A	101	5	0.00049776	34.2323	0.00155794	0.0105495
A	102	7	0.000496032	44.5112	0.0019937	0.019302
A	103	7	0.000550055	328.943	0.00193006	0.0290255
A	104	8	0.000542299	101.823	0.00210444	0.034814
A	105	11	0.000538503	144.94	0.00274826	0.0453094
A	106	8	0.000492368	15.3729	0.0020757	0.0343354
A	107	11	0.000498753	82.6577	0.00268758	0.0496514
A	108	7	0.000498008	7.24993	0.00184409	0.0329466
A	109	11	0.000552181	231.367	0.00268551	0.0516583
A	110	15	0.000581734	738.209	0.0034461	0.086095
A	111	13	0.000516796	203.4	0.00307206	0.0651755
A	112	8	0.000510204	12.9509	0.00202519	0.0436901
A	113	14	0.000574713	547.295	0.00319205	0.0874348
A	114	16	0.000611247	1245.68	0.00350976	0.119857
A	115	9	0.000526039	40.5819	0.00219209	0.0555172
A	116	9	0.000549451	71.1282	0.0021927	0.0556742
A	117	16	0.000593824	865.334	0.00351467	0.116166
A	118	13	0.000536769	230.391	0.00296521	0.0844103
A	119	9	0.00052687	198.495	0.00220908	0.0528921
A	120	11	0.000533049	180.789	0.00263963	0.0592268
A	121	13	0.000576369	390.168	0.00297614	0.0854029
A	122	11	0.000518941	258.962	0.00265559	0.0587175
A	123	9	0.000500501	167.811	0.00233911	0.0361454
A	124	13	0.000564653	711.061	0.00314555	0.0624398
A	125	13	0.000501002	423.371	0.00321315	0.0542405
A	126	7	0.000488281	29.1887	0.00196687	0.0234112
A	127	9	0.000485673	466.549	0.00260762	0.0241332
A	128	12	0.000535906	539.103	0.00305117	0.0458325
A	129	5	0.000466853	6.78637	0.00152564	0.015542
A	130	5	0.000452284	0	0.0015551	0.0115247
A	131	7	0.0004914	123.297	0.00201163	0.0169273
A	132	11	0.000524384	291.81	0.00281152	0.0425436
A	133	9	0.000470588	125.791	0.00241787	0.028552
A	134	7	0.000464037	7.4768	0.00200621	0.0190699
A	135	12	0.000509684	307.732	0.00308309	0.0391371
A	136	7	0.000505051	73.465	0.00189895	0.0295699
A	137	9	0.000510465	197.134	0.00232648	0.0407234
A	138	10	0.000524109	299.302	0.00257335	0.0425412
A	139	6	0.000498008	121.502	0.00184331	0.0188913
A	140	9	0.000532481	537.809	0.00258713	0.0288799
A	141	3	0.000448229	0.99504	0.0012144	0.00445997
A	142	4	0.000463177	20.709	0.00143859	0.00881869
A	143	5	0.000491884	0	0.00151975	0.0142501
A	144	6	0.00049776	1.09565	0.00173255	0.0191282
A	145	11	0.000526593	112.586	0.00282921	0.0336013
A	146	11	0.000529381	167.837	0.00282208	0.033813
A	147	10	0.000522193	331.565	0.00269683	0.0330104
A	148	14	0.00058309	810.082	0.00337906	0.0612581
A	149	15	0.000595238	758.975	0.00352752	0.0667734
A	150	12	0.000604595	532.991	0.00284318	0.066327
A	151	14	0.000613874	1181.33	0.0032385	0.0859993
A	152	14	0.000615006	645.996	0.0031478	0.0919665
A	153	18	0.000697837	4417.41	0.00391134	0.110925
A	154	14	0.000646412	809.171	0.0030933	0.108676
A	155	17	0.00065189	2514.15	0.00362903	0.140272
A	156	14	0.000706714	1445.77	0.00300866	0.120096
A	157	14	0.000697837	2086.91	0.0030523	0.111937
A	158	11	0.000669792	430.179	0.00243056	0.108345
A	159	18	0.000702741	2483.47	0.00372186	0.173459
A	160	14	0.000731529	1734.88	0.0029796	0.126968
A	161	13	0.000677507	1077.27	0.00281996	0.120842
A	162	14	0.000673854	1081.37	0.00298708	0.136907
A	163	13	0.000690608	911.207	0.00282528	0.119343
A	164	13	0.000707714	2159.92	0.002817	0.115554
A	165	17	0.00068918	2336.79	0.00362514	0.137368
A	166	18	0.000670691	3098.76	0.00387145	0.137923
A	167	15	0.000675676	3942.44	0.00343679	0.0942102
A	168	14	0.000650618	888.515	0.00316236	0.0873148
A	169	13	0.00062383	1093.28	0.00301808	0.0791199
A	170	13	0.000598444	448.316	0.00318031	0.0633385
A	171	13	0.000601685	1367.05	0.00321844	0.0509515
A	172	12	0.000589971	669.493	0.00290412	0.0536887
A	173	10	0.000552181	573.35	0.00263821	0.0374098
A	174	11	0.000541419	882.578	0.00305918	0.030202
A	175	5	0.000475964	33.8812	0.00175404	0.00798947
A	176	6	0.000496771	21.9466	0.0021045	0.00755045
A	177	8	0.000551572	340.573	0.00242372	0.0225121
A	178	10	0.000588582	1220.33	0.00290897	0.0266399
A	179	4	0.000484262	0.25	0.00154066	0.0047604
A	180	4	0.000487329	10.2489	0.0015742	0.00369946
B	1	8	0.000457875	126.901	0.0022047	0.0100007
B	2	9	0.000458716	32.1123	0.00238338	0.0126587
B	3	16	0.000542299	1077.03	0.00380131	0.0316236
B	4	7	0.000516262	119.131	0.00191306	0.0120178
B	5	7	0.000546747	419.599	0.00185085	0.016408
B	6	13	0.000619579	1878.47	0.00302079	0.0404679
B	7	11	0.000637755	2603.32	0.00257434	0.0369083
B	8	13	0.000678426	1056.69	0.00291213	0.0537314
B	9	12	0.00067659	980.562	0.00275273	0.0453056
B	10	9	0.000639386	200.148	0.00218675	0.0355843
B	11	16	0.000729927	2967.19	0.00346428	0.0859345
B	12	13	0.00066357	2383.6	0.00302499	0.0469731
B	13	13	0.000642261	1350.35	0.00300828	0.0444346
B	14	17	0.000639386	1961.95	0.00373831	0.0620178
B	15	11	0.000586166	872.952	0.00265551	0.0292154
B	16	14	0.000580383	1298.12	0.00326449	0.0375502
B	17	13	0.000520833	498.692	0.00326593	0.0204078
B	18	13	0.000493097	189.107	0.00321099	0.0214724
B	19	7	0.000457457	8.77407	0.00195212	0.00944824
B	20	8	0.000428082	51.5377	0.00244463	0.00434798
B	21	5	0.000393546	1.84752	0.0016743	0.0025665
B	22	6	0.000404694	9.52171	0.00186655	0.00441568
B	23	12	0.000458926	529.457	0.00319803	0.0131669
B	24	9	0.000471476	168.401	0.00237336	0.0139238
B	25	17	0.000534474	1510.19	0.00397007	0.034694
B	26	12	0.000533903	622.486	0.00291714	0.0262675
B	27	16	0.000556483	888.738	0.00374891	0.0396718
B	28	11	0.000583431	955.938	0.00268654	0.033799
B	29	12	0.000599161	597.463	0.00291116	0.0394658
B	30	14	0.000619963	1582.1	0.0034166	0.0473166
B	31	8	0.000564972	353.755	0.0022458	0.0177162
B	32	5	0.000514933	9.33951	0.00155174	0.0100217
B	33	7	0.000528821	21.3692	0.001994	0.0153042
B	34	8	0.000528821	61.9807	0.00226632	0.0149805
B	35	14	0.000583431	578.58	0.00340393	0.0401679
B	36	5	0.000497265	6.8855	0.00156058	0.00813442
B	37	10	0.000515996	179.301	0.00264984	0.0192772
B	38	6	0.000501505	30.6012	0.00173675	0.011071
B	39	11	0.000532765	176.538	0.00273091	0.0244454
B	40	8	0.000474608	50.9339	0.00211959	0.015145
B	41	9	0.000473261	43.703	0.0023108	0.0165938
B	42	11	0.000499002	132.176	0.0027374	0.0201449
B	43	9	0.000517063	174.876	0.00228712	0.019049
B	44	8	0.000475511	38.2867	0.00216118	0.0115047
B	45	13	0.000471032	198.548	0.00329377	0.0172077
B	46	7	0.000441306	4.41237	0.00203696	0.00624237
B	47	7	0.000473037	49.3414	0.00199522	0.00785872
B	48	9	0.00049505	355.369	0.00243804	0.0119298
B	49	7	0.000441501	5.15757	0.00203892	0.00625681
B	50	6	0.000442282	4.26403	0.00178897	0.00591647
B	51	8	0.000484966	107.827	0.00218179	0.0117023
B	52	14	0.000498256	355.104	0.00354439	0.0185315
B	53	14	0.000539957	619.213	0.00335365	0.0288998
B	54	13	0.000558971	1100.94	0.00316016	0.0280417
B	55	15	0.000597372	2215.67	0.00344547	0.0436307
B	56	8	0.000573723	70.8895	0.00206948	0.0225811
B	57	8	0.000583431	253.666	0.00208916	0.0221294
B	58	5	0.000555556	26.7853	0.00145232	0.0135505
B	59	12	0.000592066	490.421	0.002887	0.036007
B	60	14	0.00065445	827.828	0.00323711	0.0517513
B	61	10	0.000628141	446.643	0.00236805	0.0462923
B	62	10	0.000651466	162.518	0.00233252	0.0536847
B	63	17	0.000722543	3898	0.00365447	0.110609
B	64	14	0.000676133	1515.13	0.00315696	0.0702905
B	65	13	0.000670241	2530.2	0.00293383	0.0679788
B	66	17	0.000629327	1191.35	0.0037409	0.0686896
B	67	13	0.000605327	961.554	0.00299819	0.0445041
B	68	17	0.000587889	1400.62	0.0038129	0.0505881
B	69	12	0.000529942	372.964	0.00292104	0.0254514
B	70	16	0.000506842	833.232	0.00392697	0.0245417
B	71	12	0.00047081	562.844	0.00317528	0.0143321
B	72	11	0.000431406	127.651	0.00314932	0.00769064
B	73	6	0.000402576	8.43263	0.00195542	0.0029436
B	74	5	0.000410172	5.10173	0.00167235	0.00251133
B	75	7	0.000429553	36.7609	0.00210209	0.00590102
B	76	9	0.000479616	450.925	0.00247507	0.0109815
B	77	11	0.00048216	415.419	0.00293633	0.0118736
B	78	10	0.000519211	290.292	0.00253651	0.0192327
B	79	12	0.000570451	1947.36	0.00290804	0.0278037
B	80	11	0.000602773	1025.3	0.00257759	0.0385094
B	81	12	0.000650618	1529.58	0.00276183	0.0480049
B	82	15	0.00066357	2274.91	0.00329016	0.0667935
B	83	11	0.00069979	984.836	0.00247346	0.0649141
B	84	14	0.000673854	660.285	0.00306761	0.0708059
B	85	13	0.000718907	1269.3	0.00285505	0.0795101
B	86	13	0.000731529	6127.22	0.00287762	0.0723478
B	87	13	0.000689655	1982.95	0.00289239	0.0577018
B	88	14	0.000699301	1012.2	0.00307494	0.0647551
B	89	11	0.00063857	1236.01	0.00254168	0.0375055
B	90	16	0.000661813	1910.41	0.00352104	0.0533712
B	91	10	0.000614251	2055.34	0.00237742	0.0281483
B	92	11	0.000575043	526.616	0.00259277	0.0252766
B	93	15	0.000602047	2315.48	0.00342746	0.0304233
B	94	9	0.000551572	238.981	0.00227966	0.0145035
B	95	7	0.000509165	61.8218	0.00185545	0.00965821
B	96	15	0.000521376	2197.05	0.00353502	0.0188033
B	97	9	0.000478927	192.397	0.00232975	0.00817559
B	98	14	0.000457875	2220.13	0.00360936	0.00789182
B	99	8	0.000429553	115.039	0.00221633	0.0038529
B	100	10	0.000399521	147.572	0.00283659	0.00320703
B	101	8	0.000392003	62.6401	0.00231859	0.00255628
B	102	4	0.000354988	0.476515	0.00136666	0.000952766
B	103	3	0.000317864	0	0.00120903	0.000340278
B	104	7	0.000351494	79.3205	0.00228259	0.00110832
B	105	8	0.000352734	136.976	0.00249066	0.00146051
B	106	12	0.000398089	411.272	0.00337484	0.00307738
B	107	11	0.000398089	258.447	0.00306608	0.00324839
B	108	14	0.000434783	620.856	0.00359138	0.0064821
B	109	13	0.000437063	391.148	0.00332024	0.00713362
B	110	15	0.000496032	869.187	0.00360388	0.0135301
B	111	11	0.000496771	911.428	0.00277467	0.0101923
B	112	17	0.000557724	1545.98	0.00399273	0.0225288
B	113	11	0.000558659	749.069	0.0026957	0.0179204
B	114	10	0.000598086	2950.24	0.00247392	0.0202525
B	115	13	0.000613497	1014.15	0.00307015	0.0293289
B	116	6	0.000559597	227.569	0.00167491	0.00983451
B	117	8	0.000613874	966.604	0.0020675	0.020024
B	118	9	0.000626174	313.783	0.00230168	0.022755
B	119	11	0.000641849	771.757	0.00268523	0.0361426
B	120	12	0.000659631	4062.4	0.0029247	0.0397136
B	121	7	0.000590667	165.993	0.00190637	0.0210796
B	122	9	0.000626566	196.301	0.00225341	0.0358557
B	123	12	0.000667557	514.643	0.00283167	0.0554089
B	124	17	0.00071582	2560.13	0.00376948	0.0799079
B	125	13	0.000681663	866.651	0.00296837	0.0524415
B	126	10	0.000682128	1942.54	0.00236346	0.0435896
B	127	15	0.000662252	2279.66	0.00342353	0.0445752
B	128	12	0.000640615	2104.6	0.00282218	0.0322792
B	129	19	0.000606428	2067.2	0.00435062	0.0365796
B	130	13	0.000592417	2195.14	0.00305185	0.025435
B	131	15	0.000529942	2843.42	0.00351334	0.0210629
B	132	13	0.000512558	2387.33	0.00312468	0.0169433
B	133	13	0.000457875	883.26	0.00327242	0.00962624
B	134	13	0.000443066	843.395	0.00348392	0.00625049
B	135	10	0.000397298	59.1551	0.00275798	0.00426885
B	136	8	0.0003885	20.0246	0.002296	0.00316069
B	137	5	0.000382263	0.845753	0.00164403	0.0013938
B	138	8	0.000394633	38.8564	0.00239724	0.00234142
B	139	5	0.000384172	2.82356	0.00164663	0.00166364
B	140	6	0.000394011	6.77142	0.00182581	0.00281662
B	141	11	0.000443066	337.92	0.00288281	0.00830658
B	142	11	0.000454545	605.482	0.00289143	0.00755012
B	143	7	0.000503018	114.526	0.00192867	0.00747556
B	144	10	0.000507872	936.078	0.0026109	0.00903572
B	145	5	0.000507872	19.7486	0.00149642	0.00651935
B	146	8	0.000581395	585.486	0.00211072	0.0138676
B	147	10	0.000568828	1455.17	0.00256681	0.0157617
B	148	8	0.00059952	1404.12	0.00209272	0.0164956
B	149	6	0.000525486	54.5713	0.00167994	0.00876352
B	150	9	0.000552792	1375.9	0.00232316	0.0115637
B	151	9	0.000491642	341.669	0.00235594	0.00826567
B	152	11	0.000498504	1198.68	0.00276822	0.0101163
B	153	9	0.000445831	308.875	0.00241271	0.00528812
B	154	13	0.000457666	1993.4	0.00331909	0.00770774
B	155	7	0.00039604	9.14364	0.00204579	0.00227024
B	156	8	0.000398724	107.618	0.00230814	0.00251629
B	157	13	0.000401123	759.539	0.00351939	0.00441157
B	158	9	0.000374392	49.4857	0.00267225	0.00208053
B	159	11	0.000359066	217.33	0.00341646	0.00174875
B	160	6	0.000344828	23.916	0.00202329	0.00094382
B	161	9	0.000374392	88.343	0.00260829	0.00260469
B	162	10	0.000390625	327.927	0.00278442	0.00376835
B	163	16	0.000428082	753.759	0.0040729	0.00767132
B	164	14	0.000446429	799.943	0.0034923	0.0097978
B	165	15	0.000490918	1441.81	0.0035517	0.0163186
B	166	14	0.000513611	1177.44	0.00329274	0.0193736
B	167	15	0.000567859	1999.94	0.00337769	0.0302826
B	168	15	0.000597729	4219.46	0.00336621	0.0347518
B	169	17	0.000656168	3439.52	0.00372725	0.0484733
B	170	14	0.000685871	3179.67	0.00313432	0.0502775
B	171	13	0.000700771	1607.29	0.00290369	0.0583563
B	172	10	0.000673401	3381	0.00236608	0.045913
B	173	10	0.000692042	1368.21	0.00232039	0.0604591
B	174	11	0.000701754	1274.28	0.00250068	0.0625086
B	175	10	0.000711238	2296.99	0.0023174	0.0482415
B	176	11	0.000693963	3685.4	0.00251675	0.0438769
B	177	12	0.000647668	2744.28	0.00277499	0.0338516
B	178	9	0.000619579	639.477	0.00214592	0.0276946
B	179	12	0.000590667	1013.43	0.00275968	0.0305402
B	180	10	0.000541126	433.679	0.00241537	0.0187524
B	181	11	0.000536193	768.307	0.00263077	0.0189755
B	182	7	0.000473037	16.5492	0.00184833	0.0086653
B	183	8	0.000462749	187.105	0.00210912	0.00758122
B	184	12	0.000465333	252.866	0.00297768	0.0101442
B	185	9	0.000409333	63.5469	0.00244878	0.00461208
B	186	12	0.00042735	358.491	0.00312495	0.00629295
B	187	6	0.000397772	16.4897	0.00184252	0.00221163
B	188	13	0.000402576	644.792	0.00364799	0.00393337
B	189	7	0.000397298	728.487	0.00240745	0.00156351
B	190	6	0.000351865	305.066	0.0024247	0.000664937
B	191	3	0.000346861	84.0999	0.00154211	0.000180882
B	192	2	0.000311429	0	0.00118366	6.66608e-05
