ID1_chainID	ID1_resSeq	ID1_name	ID2_chainID	ID2_resSeq	ID2_name	distance
A	1	C	A	2	N	1.3277
A	1	O	A	3	N	3.64369
A	1	O	A	28	NE2	3.18691
A	2	C	A	3	N	1.32493
A	2	O	A	4	N	3.44556
A	2	O	A	27	OG	4.26553
A	2	O	A	28	NE2	3.73284
A	2	OD1	A	96	CD	3.50012
A	2	CB	A	98	CG2	4.43021
A	3	C	A	4	N	1.3273
A	3	O	A	5	N	3.91677
A	3	CG2	A	26	CB	4.19797
A	3	CA	A	27	OG	3.68405
A	3	CG1	A	28	NE2	3.68505
A	3	CD1	A	29	O	4.98336
A	3	CD1	A	30	CG2	3.45798
A	3	CD1	A	91	OE1	3.87072
A	3	CD1	A	93	CB	4.85964
A	3	CD1	A	94	OG	3.72608
A	3	O	A	98	OG1	2.75566
A	4	C	A	5	N	1.3309
A	4	O	A	6	N	4.05905
A	4	O	A	25	O	3.4839
A	4	O	A	26	CA	3.38739
A	4	O	A	27	N	2.82076
A	4	N	A	98	OG1	4.83866
A	5	C	A	6	N	1.32639
A	5	O	A	7	N	3.98431
A	5	CB	A	24	SG	4.18075
A	5	CA	A	25	O	3.27459
A	5	CD2	A	26	CB	3.49959
A	5	CD2	A	30	CD1	4.41461
A	5	CD1	A	34	CD2	3.92887
A	5	CD1	A	89	O	3.76451
A	5	CD1	A	90	CA	3.74328
A	5	CD1	A	91	N	3.6232
A	5	CD1	A	98	O	3.50966
A	5	CD1	A	99	C	4.15041
A	5	O	A	100	CA	3.28266
A	5	O	A	101	N	3.84721
A	6	C	A	7	N	1.32543
A	6	O	A	8	N	4.19954
A	6	O	A	23	O	3.98623
A	6	O	A	24	CA	3.38402
A	6	N	A	25	O	2.7886
A	6	N	A	100	CA	4.96793
A	7	C	A	8	N	1.3279
A	7	O	A	9	C	4.38202
A	7	O	A	10	N	4.60482
A	7	CA	A	23	O	3.21638
A	7	CG	A	24	CB	4.09085
A	7	N	A	25	N	4.96257
A	7	NE2	A	36	CZ3	3.72056
A	7	NE2	A	87	O	2.74725
A	7	OE1	A	88	CA	3.36256
A	7	OE1	A	89	N	3.22789
A	7	OE1	A	100	C	3.28054
A	7	OE1	A	101	N	3.60648
A	7	OE1	A	102	N	2.72011
A	7	NE2	A	103	N	3.55346
A	8	C	A	9	N	1.3439
A	8	CA	A	10	N	4.11643
A	8	O	A	22	C	4.26131
A	8	O	A	23	N	3.19486
A	8	OG	A	25	NH1	4.54566
A	8	C	A	103	OG1	3.86536
A	9	C	A	10	N	1.32631
A	9	C	A	11	N	3.19189
A	9	CD	A	12	CD1	3.67123
A	9	CD	A	22	CD2	4.89431
A	9	O	A	102	O	4.57482
A	9	O	A	103	OG1	2.73364
A	9	O	A	104	N	4.83984
A	10	C	A	11	N	1.32771
A	10	C	A	12	N	4.56503
A	10	O	A	102	O	3.8095
A	10	O	A	103	CA	3.33367
A	10	O	A	104	N	2.92187
A	11	C	A	12	N	1.32724
A	11	C	A	13	N	4.38624
A	11	CA	A	103	CG2	4.80492
A	11	CA	A	104	O	3.40056
A	11	OG1	A	106	OE1	3.91729
A	12	C	A	13	N	1.32855
A	12	CD2	A	14	CG1	3.3374
A	12	CD1	A	20	CG2	3.2607
A	12	CD1	A	21	O	4.30214
A	12	CD1	A	22	CD2	3.44149
A	12	CB	A	103	CG2	4.50637
A	12	N	A	104	O	2.69199
A	12	O	A	105	CA	3.38081
A	12	O	A	106	N	2.72508
A	13	C	A	14	N	1.32908
A	13	C	A	15	N	4.67058
A	13	CA	A	106	O	3.19293
A	13	OG	A	107	O	4.31383
A	13	C	A	108	CB	4.04774
A	13	OG	A	141	OH	3.25149
A	14	C	A	15	N	1.32563
A	14	O	A	16	N	4.14377
A	14	C	A	18	OD2	3.99408
A	14	CG1	A	20	CG2	4.61245
A	14	CG2	A	79	CG2	4.27139
A	14	O	A	84	CE2	3.72242
A	14	CG2	A	105	CD2	3.95672
A	14	N	A	106	O	2.98089
A	14	O	A	107	CA	3.49358
A	14	O	A	108	N	2.75995
A	15	C	A	16	N	1.34284
A	15	O	A	17	N	3.13835
A	15	O	A	18	OD2	2.82793
A	15	O	A	79	O	4.77962
A	15	C	A	84	CZ	4.77046
A	15	OG1	A	108	CB	3.56512
A	16	C	A	17	N	1.32646
A	16	C	A	18	N	3.45023
A	16	CA	A	79	O	3.38144
A	16	CB	A	80	C	4.55883
A	16	CB	A	81	N	4.24298
A	16	CG	A	84	CE1	3.76073
A	16	CD	A	107	CG2	4.60286
A	17	C	A	18	N	1.3306
A	17	O	A	19	N	4.16079
A	17	O	A	78	OG	3.17301
A	17	N	A	79	O	2.8022
A	18	C	A	19	N	1.32609
A	18	C	A	20	N	4.35167
A	18	O	A	76	O	4.32219
A	18	O	A	77	C	4.59717
A	18	O	A	78	CA	2.92803
A	18	O	A	79	N	2.57645
A	19	C	A	20	N	1.32436
A	19	C	A	21	N	4.60312
A	19	CA	A	76	O	3.26499
A	19	OG	A	77	CA	3.57417
A	19	OG	A	78	N	2.96501
A	19	CA	A	79	N	4.68579
A	20	C	A	21	N	1.32717
A	20	CG2	A	22	CD2	3.70112
A	20	O	A	74	O	3.9406
A	20	O	A	75	CA	3.47624
A	20	O	A	76	N	3.04371
A	20	CG1	A	79	CG2	3.68337
A	20	CG1	A	105	CD1	4.49347
A	21	C	A	22	N	1.32788
A	21	O	A	23	N	4.1045
A	21	CB	A	73	CG2	3.96983
A	21	CA	A	74	O	3.39056
A	21	OG	A	75	OG	3.76955
A	22	C	A	23	N	1.32989
A	22	O	A	24	N	4.28781
A	22	O	A	36	CH2	3.75283
A	22	O	A	72	O	3.88066
A	22	O	A	73	CA	3.18062
A	22	N	A	74	O	2.75118
A	22	N	A	75	N	4.97543
A	22	CD1	A	87	CB	3.65659
A	22	CD2	A	103	CG2	3.86934
A	22	CD1	A	105	CG	4.95968
A	23	C	A	24	N	1.33136
A	23	OG	A	25	NE	2.53119
A	23	C	A	36	CH2	4.05617
A	23	OG	A	71	OD1	4.56422
A	23	CA	A	72	O	3.6609
A	23	CA	A	73	CA	4.80497
A	23	O	A	103	OG1	4.74816
A	24	C	A	25	N	1.32719
A	24	C	A	26	N	4.27998
A	24	SG	A	34	CD2	3.83059
A	24	CB	A	36	CH2	3.44367
A	24	O	A	70	O	3.63295
A	24	O	A	71	C	3.98828
A	24	O	A	72	N	3.04767
A	24	SG	A	89	SG	2.03588
A	25	C	A	26	N	1.32972
A	25	O	A	27	N	4.08717
A	25	CA	A	70	O	3.05424
A	25	NH2	A	71	OD1	2.88979
A	25	CD	A	72	N	4.54741
A	26	C	A	27	N	1.32809
A	26	C	A	28	N	3.03993
A	26	CB	A	30	CD1	3.83557
A	26	CB	A	69	O	4.59078
A	26	N	A	70	O	2.98529
A	26	CB	A	72	CE1	4.75756
A	27	C	A	28	N	1.33201
A	27	C	A	29	N	4.64672
A	28	C	A	29	N	1.3303
A	28	O	A	30	N	3.39556
A	28	O	A	69	O	4.09454
A	28	C	A	70	CG2	3.62714
A	29	C	A	30	N	1.32865
A	29	OG	A	31	N	3.59572
A	29	CA	A	69	O	3.51581
A	29	N	A	70	CG2	3.55527
A	29	O	A	93	OD1	4.47617
A	30	C	A	31	N	1.32912
A	30	O	A	32	N	2.97555
A	30	O	A	33	N	2.84438
A	30	CD1	A	34	CD2	3.93027
A	30	N	A	69	O	2.88444
A	30	N	A	70	N	4.92838
A	30	CG1	A	72	CZ	3.56438
A	30	CD1	A	91	CB	3.64706
A	30	O	A	93	ND2	3.47849
A	31	C	A	32	N	1.32968
A	31	C	A	33	N	3.49417
A	31	O	A	67	O	4.85655
A	31	O	A	68	CA	3.30586
A	31	O	A	69	N	2.85932
A	31	O	A	72	CZ	3.19081
A	31	N	A	93	ND2	4.44573
A	32	C	A	33	N	1.32775
A	32	O	A	34	N	2.96069
A	32	O	A	51	C	2.87157
A	32	O	A	52	N	3.14777
A	32	OD1	A	54	OE1	4.71785
A	32	N	A	69	N	4.93028
A	32	CA	A	72	CE2	4.37327
A	33	C	A	34	N	1.33017
A	33	C	A	35	NE2	4.21323
A	33	ND2	A	51	CE1	3.15698
A	33	O	A	90	O	3.97391
A	33	O	A	91	CA	3.19247
A	33	O	A	92	N	3.07185
A	33	OD1	A	93	ND2	3.27671
A	34	C	A	35	N	1.32973
A	34	CD1	A	36	NE1	3.42415
A	34	O	A	49	O	4.67021
A	34	O	A	50	C	4.08822
A	34	O	A	51	N	3.42318
A	34	O	A	52	N	2.60668
A	34	CG	A	72	CG	3.65988
A	34	CD2	A	89	CB	3.80348
A	34	CA	A	90	O	3.43886
A	34	CD2	A	91	N	4.2313
A	35	C	A	36	N	1.33173
A	35	O	A	37	N	4.13716
A	35	CB	A	47	CD1	4.02877
A	35	CA	A	49	O	3.46755
A	35	ND1	A	50	CA	3.49766
A	35	ND1	A	51	N	2.96191
A	35	N	A	52	N	4.84533
A	35	O	A	88	O	3.7926
A	35	O	A	89	CA	3.16594
A	35	N	A	90	O	2.74403
A	35	CD2	A	91	C	4.77618
A	35	NE2	A	92	OG	2.8145
A	36	C	A	37	N	1.32898
A	36	C	A	38	N	4.4567
A	36	O	A	46	O	4.07829
A	36	O	A	47	CD1	3.66018
A	36	O	A	48	N	2.75327
A	36	N	A	49	O	2.92705
A	36	CD1	A	52	O	4.57549
A	36	CZ2	A	72	O	4.14378
A	36	CZ2	A	73	C	3.90417
A	36	CD2	A	74	CB	3.51765
A	36	CA	A	88	O	3.56989
A	36	CZ3	A	89	CB	3.98214
A	37	C	A	38	N	1.32563
A	37	C	A	39	N	4.31787
A	37	CD1	A	45	CB	4.24381
A	37	CA	A	46	O	3.24294
A	37	CD1	A	47	N	3.51332
A	37	C	A	48	CD1	4.43637
A	37	O	A	86	O	3.97619
A	37	O	A	87	CA	3.25441
A	37	N	A	88	O	2.78049
A	37	N	A	89	N	4.98354
A	37	CE2	A	90	OE1	3.47579
A	37	CD2	A	99	CE2	4.38647
A	38	C	A	39	N	1.32616
A	38	OE1	A	40	CG	4.0865
A	38	O	A	44	O	4.20247
A	38	O	A	45	CA	3.2592
A	38	O	A	46	N	2.64871
A	38	CB	A	48	CD1	3.49429
A	38	NE2	A	63	CZ	3.97569
A	38	NE2	A	82	O	4.52938
A	38	NE2	A	83	O	3.9579
A	38	CA	A	86	O	3.37653
A	38	NE2	A	87	OH	2.82104
A	39	C	A	40	N	1.3273
A	39	O	A	41	N	4.10782
A	39	NE2	A	43	O	2.7731
A	39	NE2	A	44	CA	3.81121
A	39	NE2	A	45	CD	3.34927
A	39	N	A	46	N	4.85118
A	39	O	A	85	C	3.93729
A	39	N	A	86	O	2.8572
A	39	N	A	87	N	4.92378
A	39	OE1	A	88	CE1	3.82711
A	40	C	A	41	N	1.32521
A	40	O	A	42	N	3.36555
A	40	O	A	43	N	2.9793
A	40	N	A	44	O	4.8933
A	40	NZ	A	82	O	2.89726
A	40	NZ	A	83	N	4.98491
A	40	CD	A	84	O	3.7076
A	40	CA	A	85	CA	4.68059
A	40	N	A	86	N	4.91618
A	41	C	A	42	N	1.32741
A	41	C	A	43	N	3.06538
A	41	CB	A	166	OD2	4.80132
A	42	C	A	43	N	1.32719
A	42	C	A	44	N	4.6134
A	42	NE2	A	166	OD2	4.88333
A	43	C	A	44	N	1.3261
A	43	O	A	45	N	4.06285
A	43	OE1	A	46	NH1	4.48919
A	44	C	A	45	N	1.34057
A	44	O	A	46	N	3.72743
A	45	C	A	46	N	1.32884
A	45	C	A	47	N	4.33957
A	46	C	A	47	N	1.33251
A	46	O	A	48	N	3.44886
A	46	CD	A	59	CD1	4.1117
A	47	C	A	48	N	1.33217
A	47	CD1	A	49	O	3.26786
A	47	CD1	A	50	N	4.57576
A	47	CD2	A	56	CD1	4.02469
A	47	O	A	59	CD1	3.52264
A	48	C	A	49	N	1.32453
A	48	C	A	50	N	4.45964
A	48	O	A	54	O	4.66333
A	48	O	A	55	CA	4.95808
A	48	O	A	56	CG1	3.22976
A	48	O	A	59	CG2	3.92744
A	48	CD1	A	63	CD1	4.02707
A	48	CD1	A	74	CD2	4.54387
A	48	CD1	A	87	CE2	3.59656
A	49	C	A	50	N	1.32886
A	49	C	A	51	N	4.42725
A	49	CG2	A	52	O	3.42742
A	49	CG2	A	53	N	3.76312
A	49	CG2	A	54	O	3.52828
A	49	CD1	A	55	CA	4.57894
A	49	N	A	56	CG1	4.22522
A	49	CD1	A	63	O	3.95139
A	49	CD1	A	64	CA	3.80662
A	49	CD1	A	65	N	3.8777
A	49	CG1	A	74	CD1	3.90041
A	50	C	A	51	N	1.32838
A	50	O	A	52	N	3.2697
A	50	O	A	53	N	3.54081
A	50	O	A	54	N	2.93837
A	50	CD	A	55	O	4.75577
A	50	CD	A	56	CD1	3.20809
A	51	C	A	52	N	1.33399
A	51	O	A	53	N	2.74706
A	51	CB	A	54	OE1	3.52873
A	51	CE1	A	92	OG	4.28914
A	52	C	A	53	N	1.33599
A	52	C	A	54	N	4.00127
A	52	O	A	65	C	3.23947
A	52	O	A	66	N	3.52275
A	52	CB	A	67	O	3.77389
A	52	CB	A	72	CD2	3.91106
A	52	O	A	73	O	4.93333
A	53	C	A	54	N	1.32906
A	53	O	A	55	N	3.56898
A	53	CB	A	65	O	3.04455
A	53	CB	A	66	CA	4.53345
A	54	C	A	55	N	1.32602
A	54	O	A	56	N	3.957
A	55	C	A	56	N	1.32423
A	55	O	A	57	N	3.86175
A	56	C	A	57	N	1.32857
A	56	O	A	58	N	3.0004
A	56	O	A	59	N	2.95653
A	57	C	A	58	N	1.32702
A	57	C	A	59	N	3.51146
A	58	C	A	59	N	1.32548
A	58	O	A	60	N	3.92744
A	59	C	A	60	N	1.34681
A	59	O	A	61	N	3.46746
A	59	CG2	A	63	CD2	3.85126
A	60	C	A	61	N	1.3305
A	60	O	A	62	N	3.16106
A	60	O	A	63	N	3.25436
A	61	C	A	62	N	1.33026
A	61	C	A	63	N	3.00859
A	61	O	A	64	N	4.80391
A	62	C	A	63	N	1.32721
A	62	O	A	64	N	3.82972
A	62	O	A	75	O	3.29533
A	62	O	A	76	CA	3.26778
A	62	O	A	77	N	2.78987
A	62	CD	A	78	O	3.45961
A	62	CD	A	79	CA	4.99096
A	62	NE	A	80	CG	3.39594
A	62	NH2	A	82	OE1	3.10818
A	62	NE	A	83	OD2	2.71095
A	63	C	A	64	N	1.33116
A	63	C	A	65	N	4.68876
A	63	CA	A	75	O	3.46156
A	63	CE1	A	76	CD1	3.65611
A	63	N	A	77	N	4.93818
A	63	CZ	A	83	OD1	3.66826
A	63	CE1	A	87	OH	3.76164
A	64	C	A	65	N	1.32749
A	64	C	A	66	N	4.55321
A	64	O	A	73	O	4.07985
A	64	O	A	74	CD1	3.47285
A	64	O	A	75	N	2.69491
A	65	C	A	66	N	1.32774
A	65	C	A	67	N	4.74761
A	65	CA	A	73	O	3.21146
A	65	CA	A	74	CA	4.4553
A	65	CA	A	75	N	4.74164
A	66	C	A	67	N	1.32663
A	66	C	A	68	N	4.56076
A	66	O	A	71	O	4.31056
A	66	O	A	72	CA	3.37218
A	66	N	A	73	O	2.90154
A	67	C	A	68	N	1.32857
A	67	C	A	69	N	4.78523
A	67	CA	A	71	O	3.20417
A	67	C	A	72	CD2	3.84707
A	67	N	A	73	N	4.88186
A	68	C	A	69	N	1.32745
A	68	O	A	70	N	3.06885
A	68	N	A	71	O	3.19594
A	68	CA	A	72	CE2	3.58536
A	69	C	A	70	N	1.33232
A	69	C	A	71	N	3.75184
A	69	O	A	72	CZ	3.2802
A	70	C	A	71	N	1.32535
A	70	C	A	72	CE1	3.63891
A	71	C	A	72	N	1.3313
A	71	C	A	73	N	4.51942
A	72	C	A	73	N	1.32584
A	72	C	A	74	N	4.46649
A	73	C	A	74	N	1.32755
A	73	CG2	A	75	OG	3.8543
A	74	C	A	75	N	1.32359
A	74	O	A	76	N	4.297
A	74	CD2	A	87	CD2	3.55162
A	75	C	A	76	N	1.32393
A	75	C	A	77	N	4.00625
A	76	C	A	77	N	1.32959
A	76	O	A	78	N	3.21422
A	76	CG2	A	79	CG2	3.71706
A	76	CG2	A	83	OD2	3.96361
A	76	CD1	A	87	OH	3.83654
A	76	CD1	A	105	CD1	3.77672
A	77	C	A	78	N	1.32813
A	77	C	A	79	N	3.9043
A	78	C	A	79	N	1.32609
A	78	O	A	80	N	3.4174
A	78	O	A	83	OD2	4.38973
A	79	C	A	80	N	1.32609
A	79	O	A	81	N	4.37944
A	79	C	A	83	OD2	3.59166
A	79	CG1	A	84	CZ	3.82754
A	79	CG2	A	105	CD1	4.27603
A	80	C	A	81	N	1.32594
A	80	O	A	82	N	2.97256
A	80	N	A	83	OD2	2.6414
A	80	O	A	84	CE1	3.64234
A	81	C	A	82	N	1.32823
A	81	C	A	83	N	3.23019
A	81	O	A	84	CD1	3.36077
A	82	C	A	83	N	1.32734
A	82	C	A	84	N	3.43048
A	83	C	A	84	N	1.32895
A	83	O	A	85	N	3.64326
A	83	O	A	87	OH	2.66028
A	83	O	A	105	CD1	3.75895
A	84	C	A	85	N	1.33068
A	84	C	A	86	N	4.70844
A	84	N	A	87	OH	4.85041
A	84	C	A	104	NZ	4.86072
A	84	CB	A	105	O	3.45466
A	84	CE2	A	106	O	3.20871
A	84	CD1	A	107	CG1	3.48296
A	85	C	A	86	N	1.32984
A	85	O	A	87	CD1	3.61764
A	85	O	A	103	O	3.86865
A	85	CA	A	104	NZ	3.17233
A	85	O	A	105	N	2.73702
A	86	C	A	87	N	1.3276
A	86	CB	A	88	CE1	3.76766
A	86	CE	A	101	O	4.32175
A	86	CE	A	102	C	4.04381
A	86	CA	A	103	O	3.55325
A	86	SD	A	104	CD	3.29378
A	86	N	A	105	N	4.8713
A	87	C	A	88	N	1.33342
A	87	C	A	89	N	4.47068
A	87	O	A	102	CA	3.1397
A	87	O	A	103	N	2.81263
A	87	CE1	A	105	CD1	3.65716
A	88	C	A	89	N	1.33115
A	88	C	A	90	N	4.31573
A	88	CB	A	99	CD2	4.54921
A	88	CD2	A	100	O	3.56424
A	88	CE2	A	101	O	3.72601
A	88	CD2	A	102	CA	3.43961
A	89	C	A	90	N	1.32793
A	89	C	A	91	N	4.57111
A	89	O	A	98	O	4.27793
A	89	O	A	99	CA	3.34223
A	89	O	A	100	N	2.84775
A	90	C	A	91	N	1.33093
A	90	NE2	A	92	N	4.04551
A	90	NE2	A	97	CB	3.44746
A	90	CA	A	98	O	3.28303
A	90	CG	A	99	CE2	3.61539
A	90	N	A	100	N	4.87524
A	91	C	A	92	N	1.32999
A	91	OE1	A	93	N	2.72992
A	91	OE1	A	94	N	3.07234
A	91	NE2	A	96	O	3.07165
A	91	O	A	97	CA	3.37582
A	91	N	A	98	O	3.04347
A	92	C	A	93	N	1.32571
A	92	C	A	94	N	3.40643
A	92	CA	A	97	CD2	3.56439
A	93	C	A	94	N	1.32697
A	93	C	A	95	N	4.53562
A	94	C	A	95	N	1.3244
A	94	O	A	96	O	3.04483
A	94	O	A	97	N	3.62281
A	95	C	A	96	N	1.34283
A	95	CE3	A	97	N	3.70564
A	96	C	A	97	N	1.32752
A	96	O	A	98	N	3.4499
A	97	C	A	98	N	1.32736
A	97	C	A	99	N	4.57414
A	98	C	A	99	N	1.32985
A	98	C	A	100	N	4.43605
A	99	C	A	100	N	1.32991
A	99	O	A	101	N	4.08799
A	100	C	A	101	N	1.32961
A	100	C	A	102	N	3.14107
A	101	C	A	102	N	1.32858
A	101	C	A	103	N	4.56134
A	102	C	A	103	N	1.32923
A	102	C	A	104	N	4.28939
A	103	C	A	104	N	1.32659
A	103	O	A	105	N	3.886
A	104	C	A	105	N	1.32858
A	104	CG	A	106	CG	3.34569
A	105	C	A	106	N	1.32747
A	105	C	A	107	N	4.52093
A	106	C	A	107	N	1.32913
A	106	O	A	108	N	3.71292
A	106	OE1	A	143	CB	4.61106
A	106	CB	A	167	OE1	3.59549
A	106	OE1	A	174	OH	2.52791
A	107	C	A	108	N	1.32781
A	107	O	A	109	N	3.83493
A	107	O	A	141	OH	3.40199
A	107	O	A	167	NE2	2.7865
A	107	CD1	A	172	OG	3.8506
A	108	C	A	109	N	1.3273
A	108	C	A	110	N	4.78941
A	108	NZ	A	111	OD1	4.96265
A	108	CA	A	141	OH	3.54623
A	108	N	A	167	NE2	4.87089
A	109	C	A	110	N	1.32714
A	109	O	A	111	N	3.69432
A	109	NH2	A	112	CB	4.35749
A	109	O	A	141	CE1	3.34707
A	109	CG	A	167	NE2	4.97494
A	109	NH1	A	171	O	2.87011
A	109	CD	A	172	O	3.50835
A	109	NH1	A	173	CG2	3.22677
A	110	C	A	111	N	1.33102
A	110	O	A	112	N	3.56259
A	110	O	A	141	CD1	3.81732
A	111	C	A	112	N	1.32832
A	111	C	A	113	N	4.46994
A	111	CA	A	141	O	3.21121
A	111	OD1	A	142	CD	3.26422
A	111	OD2	A	200	CE	3.56778
A	111	CB	A	201	CG2	3.85491
A	112	C	A	113	N	1.33042
A	112	O	A	114	N	3.69925
A	112	CB	A	139	O	3.81436
A	112	O	A	140	CA	3.20449
A	112	N	A	141	O	2.71988
A	112	N	A	142	N	4.89313
A	112	CB	A	173	CG2	4.77443
A	112	O	A	199	CE1	3.48503
A	112	C	A	201	CG2	3.65284
A	113	C	A	114	N	1.33853
A	113	O	A	115	N	3.76421
A	113	O	A	138	O	4.3503
A	113	O	A	139	O	3.78266
A	113	C	A	140	CB	4.071
A	113	N	A	141	O	4.95298
A	113	CA	A	199	ND1	4.6045
A	113	CA	A	201	OG1	3.23157
A	113	CB	A	206	CD1	4.76371
A	114	C	A	115	N	1.32906
A	114	O	A	116	N	3.67913
A	114	CB	A	137	CB	4.24865
A	114	CA	A	138	O	3.52101
A	114	CA	A	139	O	4.6691
A	114	CB	A	140	CB	3.57682
A	114	CG	A	145	CD1	4.08471
A	114	CG	A	197	CB	4.83076
A	114	CD	A	199	CG	3.96406
A	114	CD	A	201	OG1	4.00615
A	114	O	A	206	CD1	3.59089
A	115	C	A	116	N	1.32762
A	115	O	A	117	N	4.0038
A	115	O	A	136	O	3.22912
A	115	O	A	137	CA	3.45331
A	115	O	A	138	N	2.96669
A	116	C	A	117	N	1.3312
A	116	C	A	118	N	4.43021
A	116	CG1	A	135	SG	3.45678
A	116	CA	A	136	O	3.13549
A	116	CG2	A	137	CG	4.10674
A	116	CG1	A	195	SG	4.28978
A	116	CG2	A	197	CB	4.40411
A	116	CG2	A	206	CG2	3.66839
A	116	O	A	208	CE	3.23897
A	117	C	A	118	N	1.32608
A	117	CB	A	119	CE1	3.53746
A	117	O	A	134	O	3.75949
A	117	O	A	135	CA	3.06991
A	117	O	A	136	N	2.77593
A	117	N	A	208	CG	4.47429
A	118	C	A	119	N	1.32904
A	118	O	A	120	CD	4.41312
A	118	CG1	A	133	CG1	4.31212
A	118	CA	A	134	O	3.21615
A	118	CA	A	135	CA	4.27816
A	118	CD1	A	149	CZ3	4.05349
A	118	CD1	A	193	O	3.84788
A	118	CD1	A	194	C	4.48606
A	118	CD1	A	195	CB	3.96281
A	118	CD1	A	208	O	3.6208
A	118	CD1	A	209	CA	4.23914
A	118	CD1	A	210	CD2	3.89382
A	119	C	A	120	N	1.33786
A	119	O	A	121	N	4.16133
A	119	O	A	132	O	4.251
A	119	O	A	133	CG1	3.46127
A	119	N	A	134	O	2.59572
A	119	N	A	135	N	4.83414
A	119	CE1	A	136	CD2	3.53158
A	119	O	A	210	CE2	4.36199
A	120	C	A	121	N	1.33817
A	120	O	A	122	N	3.4897
A	120	C	A	132	O	3.89641
A	120	CA	A	133	CG1	4.77295
A	120	CB	A	187	OH	4.05229
A	120	CB	A	210	CZ	3.73091
A	121	C	A	122	N	1.32475
A	121	O	A	123	N	3.91553
A	121	CB	A	125	OE1	4.05337
A	121	CB	A	126	CD2	3.883
A	121	CB	A	130	O	4.8518
A	121	CG	A	131	CB	3.85085
A	121	CG	A	132	O	3.3502
A	121	CG	A	133	CG2	4.29722
A	121	CD	A	187	OH	3.41398
A	121	CD	A	210	CZ	4.54619
A	122	C	A	123	N	1.3294
A	122	C	A	124	N	3.19065
A	122	OG	A	125	N	3.15605
A	122	O	A	126	N	3.19045
A	123	C	A	124	N	1.33065
A	123	C	A	125	N	3.35904
A	123	O	A	126	N	3.39413
A	123	O	A	127	OG1	3.01607
A	124	C	A	125	N	1.3276
A	124	C	A	126	N	3.28811
A	124	O	A	127	N	3.26257
A	124	O	A	128	N	3.23237
A	125	C	A	126	N	1.3313
A	125	C	A	127	N	3.20468
A	125	O	A	128	OG	2.61506
A	125	O	A	129	N	3.21123
A	125	O	A	130	N	2.9854
A	125	CD	A	131	N	3.69307
A	125	OE1	A	132	N	2.80606
A	126	C	A	127	N	1.33174
A	126	C	A	128	N	3.11857
A	126	O	A	129	N	2.93204
A	126	CA	A	130	O	3.28588
A	126	CD2	A	131	CB	3.87787
A	126	O	A	184	CD	3.10958
A	126	CD2	A	187	CD2	3.89739
A	127	C	A	128	N	1.32844
A	127	C	A	129	N	3.10974
A	128	C	A	129	N	1.32993
A	128	C	A	130	N	3.45772
A	129	C	A	130	N	1.3275
A	129	C	A	131	N	4.52367
A	129	O	A	182	O	4.94127
A	129	O	A	183	CA	3.80926
A	129	O	A	184	N	3.01381
A	130	C	A	131	N	1.3316
A	130	C	A	132	N	4.33426
A	130	C	A	182	O	3.82514
A	130	C	A	183	C	4.4328
A	130	C	A	184	N	4.07899
A	131	C	A	132	N	1.33064
A	131	O	A	133	N	4.06393
A	131	O	A	180	O	3.64909
A	131	O	A	181	CA	3.56889
A	131	O	A	182	N	2.74696
A	131	CB	A	183	O	3.68087
A	131	CB	A	184	CA	4.19656
A	131	CB	A	187	CB	3.44022
A	132	C	A	133	N	1.32534
A	132	O	A	134	N	3.97383
A	132	CB	A	179	CG2	3.91392
A	132	CA	A	180	O	3.2642
A	132	OG	A	181	OG1	3.10467
A	132	N	A	182	N	4.76245
A	133	C	A	134	N	1.32849
A	133	O	A	135	N	4.27738
A	133	O	A	149	CH2	3.3574
A	133	O	A	178	O	3.83756
A	133	O	A	179	CA	3.36339
A	133	N	A	180	O	2.64616
A	133	N	A	181	N	4.80835
A	133	CG2	A	187	CE1	4.38458
A	133	CG2	A	193	CD2	4.24827
A	133	CG1	A	210	CE2	3.71682
A	134	C	A	135	N	1.32872
A	134	CG1	A	136	CZ	4.02405
A	134	C	A	149	CH2	4.13895
A	134	CA	A	178	O	3.66467
A	134	CG2	A	179	CG2	3.91834
A	135	C	A	136	N	1.32876
A	135	O	A	137	CD1	3.56946
A	135	CB	A	149	CZ2	3.73153
A	135	O	A	176	O	4.12411
A	135	O	A	177	CA	3.34913
A	135	O	A	178	N	2.857
A	135	SG	A	195	SG	2.03329
A	136	C	A	137	N	1.32647
A	136	C	A	138	N	3.89106
A	136	CA	A	176	O	3.73299
A	136	CD1	A	177	CB	3.51718
A	137	C	A	138	N	1.32873
A	137	O	A	139	N	4.33511
A	137	O	A	140	CE1	3.24891
A	137	CD2	A	145	CD1	3.98034
A	137	CD2	A	147	CG2	4.67899
A	137	O	A	174	O	4.46335
A	137	O	A	175	CA	3.35724
A	137	O	A	176	N	2.9348
A	137	CD1	A	177	CA	4.89692
A	137	CD1	A	178	N	4.65055
A	137	CD1	A	195	SG	4.51302
A	137	CD2	A	197	CB	3.32964
A	138	C	A	139	N	1.33022
A	138	C	A	140	N	3.47623
A	138	C	A	174	O	3.93333
A	138	OD1	A	175	CB	3.4518
A	138	OD1	A	176	O	4.24295
A	139	C	A	140	N	1.32993
A	139	C	A	141	N	4.49528
A	139	ND2	A	168	OD1	4.06233
A	139	ND2	A	171	OD2	2.98216
A	139	CA	A	173	OG1	3.27314
A	139	N	A	174	O	3.10998
A	139	N	A	175	OG	2.95512
A	140	C	A	141	N	1.32877
A	140	CD2	A	142	O	3.24606
A	140	CE2	A	143	O	3.39714
A	140	CZ	A	145	CG2	3.72892
A	140	O	A	173	CB	3.33576
A	140	O	A	174	N	2.78435
A	140	CE1	A	175	CA	3.72298
A	140	CE1	A	176	N	4.00384
A	140	CD2	A	199	NE2	3.8535
A	141	C	A	142	N	1.34636
A	141	CA	A	143	N	4.33066
A	141	CE2	A	167	NE2	3.9639
A	141	CD2	A	172	O	3.60496
A	141	CB	A	173	CA	4.6031
A	141	CD2	A	174	CE2	3.7349
A	141	O	A	199	CE1	3.09985
A	141	O	A	201	CG2	4.19566
A	142	C	A	143	N	1.32761
A	142	C	A	144	N	3.38982
A	142	C	A	174	CD2	4.40531
A	142	O	A	199	NE2	3.02786
A	142	CG	A	200	CD	4.19641
A	143	C	A	144	N	1.33018
A	143	O	A	145	N	3.26144
A	143	NZ	A	164	CD1	3.06115
A	143	NZ	A	165	O	3.63237
A	143	CD	A	174	CD1	3.28494
A	143	NZ	A	175	O	3.77267
A	143	NZ	A	176	CB	4.78148
A	144	C	A	145	N	1.32569
A	144	C	A	146	N	4.65855
A	144	O	A	198	O	4.85166
A	144	O	A	199	CD2	3.49071
A	144	O	A	200	N	4.88461
A	145	C	A	146	N	1.32352
A	145	C	A	147	N	4.22365
A	145	CG2	A	164	NE1	4.94387
A	145	CG2	A	176	SD	3.84091
A	145	CD1	A	197	CB	4.40858
A	145	CG1	A	198	O	3.37675
A	145	CB	A	199	CD2	4.11001
A	146	C	A	147	N	1.32857
A	146	OD1	A	148	N	3.87753
A	146	O	A	196	O	3.61062
A	146	O	A	197	CA	3.35162
A	146	O	A	198	N	2.73954
A	147	C	A	148	N	1.32637
A	147	C	A	149	N	4.28886
A	147	CG1	A	162	OD1	4.10996
A	147	CG1	A	176	CE	3.77109
A	147	CG2	A	178	OG	4.02686
A	147	CG2	A	195	SG	3.97537
A	147	CA	A	196	O	3.30898
A	147	CA	A	197	CA	4.60342
A	147	N	A	198	N	4.97609
A	148	C	A	149	N	1.32959
A	148	CD	A	150	CE	3.65695
A	148	CG	A	155	CG	3.65094
A	148	O	A	194	O	3.65488
A	148	O	A	195	C	3.80575
A	148	N	A	196	O	2.80457
A	149	C	A	150	N	1.32469
A	149	C	A	151	N	4.44397
A	149	O	A	154	O	4.05525
A	149	O	A	155	CA	3.29325
A	149	O	A	156	N	2.89621
A	149	CD1	A	160	CG2	3.79423
A	149	NE1	A	178	OG	2.70819
A	149	CZ2	A	179	CA	4.41594
A	149	CE2	A	180	CB	3.8911
A	149	CZ3	A	193	CB	4.9832
A	149	CA	A	194	O	3.18703
A	149	CE3	A	195	N	4.33858
A	149	N	A	196	N	4.98875
A	150	C	A	151	N	1.33045
A	150	C	A	152	N	4.10834
A	150	CB	A	153	C	4.51642
A	150	CA	A	154	O	3.1436
A	150	CG	A	155	CA	4.11495
A	150	CA	A	156	N	4.38324
A	150	O	A	192	O	3.48657
A	150	O	A	193	CA	3.6376
A	150	O	A	194	N	2.91185
A	150	CE	A	196	OE2	3.14138
A	151	C	A	152	N	1.32735
A	151	O	A	153	N	3.01218
A	151	N	A	154	O	2.79546
A	151	N	A	155	N	4.92619
A	151	CD1	A	156	CG	3.91517
A	151	CD1	A	180	CD2	3.92967
A	151	CD1	A	182	CD1	4.18572
A	151	CG2	A	190	CB	3.38972
A	151	CA	A	192	O	3.32348
A	151	CD1	A	193	CE2	3.98358
A	152	C	A	153	N	1.33024
A	152	C	A	154	N	3.25659
A	152	OD2	A	189	O	4.57748
A	152	OD2	A	190	CD2	2.98599
A	152	OD1	A	191	N	3.07979
A	152	N	A	192	O	2.90827
A	153	C	A	154	N	1.32466
A	153	O	A	155	N	4.10169
A	153	N	A	192	OG	3.87121
A	154	C	A	155	N	1.32627
A	154	O	A	156	N	3.35687
A	155	C	A	156	N	1.32908
A	155	OE2	A	157	NE2	2.97661
A	156	C	A	157	N	1.32907
A	156	NE	A	158	O	2.79937
A	156	NE	A	159	N	4.82402
A	156	O	A	160	CG2	3.8452
A	156	CG	A	180	CD1	3.93809
A	156	NH2	A	181	O	4.85573
A	156	NH2	A	182	CD2	3.23464
A	156	NH2	A	186	OE2	3.61326
A	157	C	A	158	N	1.3278
A	157	O	A	159	N	3.63134
A	157	O	A	160	CG2	3.46248
A	158	C	A	159	N	1.3295
A	158	C	A	160	N	3.23301
A	158	O	A	180	CD1	3.75245
A	159	C	A	160	N	1.33153
A	159	O	A	161	N	3.85539
A	159	O	A	179	O	3.30266
A	159	O	A	180	CA	3.51412
A	159	O	A	181	N	2.87499
A	160	C	A	161	N	1.32977
A	160	CG1	A	162	OD1	3.99583
A	160	CG1	A	178	OG	3.72092
A	160	CA	A	179	O	3.34842
A	160	CG2	A	180	CD1	4.01434
A	160	N	A	181	N	4.91764
A	161	C	A	162	N	1.32626
A	161	C	A	163	N	4.45115
A	161	O	A	177	O	3.92002
A	161	O	A	178	CA	3.61027
A	161	O	A	179	N	2.81566
A	162	C	A	163	N	1.32715
A	162	CB	A	164	CH2	3.52586
A	162	CG	A	176	CE	3.68313
A	162	CA	A	177	O	3.30021
A	162	OD1	A	178	OG	2.62043
A	162	OD1	A	179	N	4.31855
A	163	C	A	164	N	1.32739
A	163	C	A	165	N	4.3815
A	163	O	A	175	O	4.3789
A	163	O	A	176	CA	3.13995
A	163	O	A	177	N	2.91533
A	164	C	A	165	N	1.32636
A	164	O	A	166	N	4.09097
A	164	CA	A	175	O	3.67653
A	164	NE1	A	176	SD	3.28312
A	165	C	A	166	N	1.32959
A	165	O	A	167	N	4.08266
A	165	OG1	A	174	C	4.13131
A	165	N	A	175	O	2.98012
A	165	OG1	A	176	N	4.8301
A	166	C	A	167	N	1.33294
A	166	O	A	168	N	3.00251
A	166	O	A	173	O	4.2808
A	166	C	A	174	CD1	4.21902
A	167	C	A	168	N	1.32718
A	167	O	A	169	N	3.3077
A	167	NE2	A	172	O	2.88038
A	167	C	A	173	O	3.5668
A	167	CA	A	174	CE1	3.50695
A	168	C	A	169	N	1.32728
A	168	OD2	A	170	N	2.83406
A	168	CB	A	171	OD1	3.24982
A	168	O	A	172	N	2.65324
A	168	N	A	173	O	2.61981
A	168	N	A	174	N	4.80513
A	169	C	A	170	N	1.3271
A	169	C	A	171	N	3.57069
A	169	C	A	172	N	4.61199
A	170	C	A	171	N	1.33157
A	170	C	A	172	N	3.87764
A	171	C	A	172	N	1.32908
A	171	OD1	A	173	OG1	2.76578
A	172	C	A	173	N	1.32999
A	172	O	A	174	CE2	4.3035
A	173	C	A	174	N	1.32581
A	173	C	A	175	N	4.5535
A	174	C	A	175	N	1.32888
A	174	C	A	176	N	4.658
A	175	C	A	176	N	1.32815
A	175	C	A	177	N	4.68447
A	176	C	A	177	N	1.32432
A	176	C	A	178	N	4.31636
A	177	C	A	178	N	1.32521
A	177	C	A	179	N	4.18041
A	178	C	A	179	N	1.32769
A	178	C	A	180	N	4.24823
A	179	C	A	180	N	1.32978
A	179	O	A	181	N	3.85549
A	180	C	A	181	N	1.32781
A	180	CD1	A	182	CD2	3.8868
A	180	CD2	A	193	CD2	4.34967
A	181	C	A	182	N	1.32488
A	181	C	A	183	N	4.67372
A	182	C	A	183	N	1.32679
A	182	O	A	184	N	4.15131
A	182	CA	A	186	OE1	3.83908
A	182	CD1	A	187	CA	4.09668
A	182	CD1	A	193	CE2	3.92034
A	183	C	A	184	N	1.3264
A	183	C	A	185	N	3.17863
A	183	OG1	A	186	N	3.07754
A	183	O	A	187	N	3.03703
A	183	OG1	A	189	NH2	4.99744
A	184	C	A	185	N	1.33065
A	184	C	A	186	N	3.35386
A	184	O	A	187	N	3.31605
A	184	O	A	188	N	2.94182
A	185	C	A	186	N	1.32983
A	185	C	A	187	N	3.312
A	185	O	A	188	N	3.4587
A	185	O	A	189	N	3.27693
A	186	C	A	187	N	1.33119
A	186	C	A	188	N	3.26287
A	186	O	A	189	N	2.95751
A	186	O	A	190	ND1	3.06151
A	186	O	A	193	OH	4.08402
A	187	C	A	188	N	1.32997
A	187	C	A	189	N	3.08346
A	187	O	A	190	N	3.29168
A	187	O	A	193	OH	2.61636
A	187	OH	A	210	CE1	3.33709
A	187	CZ	A	212	CD	3.38502
A	188	C	A	189	N	1.33445
A	188	C	A	190	N	3.34053
A	188	N	A	193	OH	4.64206
A	188	O	A	212	NH1	3.58698
A	189	C	A	190	N	1.32945
A	189	C	A	191	N	4.61599
A	189	N	A	212	NH1	4.90203
A	190	C	A	191	N	1.33221
A	190	C	A	192	N	4.28897
A	190	CB	A	193	OH	3.44773
A	190	O	A	212	NH1	2.93946
A	191	C	A	192	N	1.329
A	191	O	A	193	CD1	3.40545
A	191	O	A	210	O	3.60886
A	191	O	A	211	CA	3.35253
A	191	OD1	A	212	N	3.09793
A	191	OD1	A	213	N	2.69942
A	191	OD1	A	214	N	4.96821
A	192	C	A	193	N	1.32927
A	192	C	A	194	N	4.13401
A	192	CB	A	209	OG	4.57718
A	192	CA	A	210	O	3.527
A	192	CB	A	211	OD1	3.52447
A	193	C	A	194	N	1.32824
A	193	C	A	195	N	4.41398
A	193	O	A	208	O	4.12175
A	193	O	A	209	OG	2.86077
A	193	N	A	210	O	2.97699
A	193	CE1	A	212	CD	3.74614
A	194	C	A	195	N	1.32608
A	194	C	A	196	N	3.92049
A	194	CG2	A	207	CG1	3.22995
A	194	CA	A	208	O	3.4486
A	194	OG1	A	209	OG	2.93136
A	195	C	A	196	N	1.32448
A	195	C	A	197	N	4.17845
A	195	O	A	206	O	3.67526
A	195	O	A	207	CA	3.70048
A	195	N	A	208	O	2.7852
A	195	N	A	209	CA	4.93752
A	196	C	A	197	N	1.32679
A	196	OE1	A	198	OG1	4.03088
A	196	CG	A	205	CB	3.58114
A	196	CA	A	206	O	3.38971
A	196	CG	A	207	CG2	4.46339
A	196	N	A	208	O	4.99274
A	197	C	A	198	N	1.32713
A	197	O	A	199	N	3.92775
A	197	O	A	205	CA	3.23021
A	197	O	A	206	N	2.78801
A	198	C	A	199	N	1.32337
A	198	C	A	200	N	4.58975
A	198	OG1	A	205	CB	3.77931
A	199	C	A	200	N	1.32732
A	199	ND1	A	201	OG1	2.69465
A	199	O	A	202	O	2.9335
A	200	C	A	201	N	1.32689
A	200	O	A	202	N	2.97534
A	201	C	A	202	N	1.33048
A	201	C	A	203	N	4.74423
A	202	C	A	203	N	1.33023
A	202	OG	A	204	O	2.95094
A	202	OG	A	205	N	4.9186
A	202	OG	A	206	CG1	4.68219
A	203	C	A	204	N	1.32825
A	203	O	A	205	CD	3.6798
A	204	C	A	205	N	1.34015
A	204	O	A	206	N	3.77165
A	205	C	A	206	N	1.32688
A	205	O	A	207	N	3.56073
A	206	C	A	207	N	1.32757
A	206	O	A	208	N	4.10873
A	207	C	A	208	N	1.32994
A	207	C	A	209	N	4.18008
A	208	C	A	209	N	1.32631
A	208	C	A	210	N	4.74013
A	209	C	A	210	N	1.33084
A	209	C	A	211	N	4.73054
A	210	C	A	211	N	1.33069
A	210	C	A	212	N	4.38979
A	211	C	A	212	N	1.32566
A	211	CB	A	213	ND2	3.25992
A	211	O	A	214	O	2.7747
A	211	O	A	215	O	4.40479
A	212	C	A	213	N	1.33143
A	212	O	A	214	N	2.61191
A	212	O	A	215	O	3.01699
A	213	C	A	214	N	1.32955
A	213	C	A	215	N	4.3423
A	214	C	A	215	N	1.33202
B	1	C	B	2	N	1.32934
B	1	O	B	3	N	3.29284
B	1	O	B	25	O	3.68659
B	1	CD	B	26	O	3.8214
B	2	C	B	3	N	1.3259
B	2	CG2	B	4	CD1	4.33995
B	2	CG2	B	24	CG1	4.31477
B	2	CA	B	25	O	3.34545
B	2	CA	B	26	CA	4.43583
B	2	CG2	B	27	CB	4.33164
B	2	CG2	B	34	CH2	4.18284
B	2	O	B	102	CG2	3.58315
B	3	C	B	4	N	1.33128
B	3	C	B	5	N	4.48086
B	3	O	B	23	O	3.50699
B	3	O	B	24	CA	3.69359
B	3	N	B	25	O	2.8827
B	3	N	B	26	N	4.99132
B	3	CA	B	102	CG2	4.22703
B	4	C	B	5	N	1.32543
B	4	C	B	6	N	4.47176
B	4	CG	B	22	SG	3.54364
B	4	CA	B	23	O	3.53436
B	4	CD1	B	24	CG1	4.18375
B	4	N	B	25	OG1	4.90172
B	4	CD1	B	34	CZ3	3.56266
B	4	CD2	B	78	OH	4.37787
B	4	CD2	B	95	O	3.67887
B	4	CD2	B	96	CA	3.60619
B	4	CD2	B	97	N	3.94541
B	4	CD2	B	102	CG1	3.8291
B	4	CB	B	103	C	4.25116
B	4	O	B	104	CA	3.35939
B	4	O	B	105	N	4.31743
B	5	C	B	6	N	1.33083
B	5	O	B	7	N	4.11152
B	5	O	B	21	O	3.50297
B	5	O	B	22	CA	3.26811
B	5	O	B	23	N	2.87538
B	5	C	B	95	SG	4.3474
B	5	N	B	104	CA	4.43421
B	5	NE2	B	105	CB	4.66996
B	6	C	B	7	N	1.32475
B	6	C	B	8	N	4.66459
B	6	CA	B	21	O	3.07643
B	6	CA	B	22	CA	4.46533
B	6	CG	B	36	CZ3	4.04658
B	6	OE2	B	93	O	3.93295
B	6	OE2	B	94	CA	3.27515
B	6	OE2	B	95	N	3.04096
B	6	OE2	B	104	CA	3.22503
B	6	OE1	B	105	N	3.22896
B	6	OE1	B	106	N	2.77811
B	6	CB	B	107	CG2	3.67285
B	7	C	B	8	N	1.32447
B	7	C	B	9	N	4.82032
B	7	O	B	19	O	4.57474
B	7	O	B	20	CA	3.52687
B	7	O	B	21	N	2.7182
B	7	N	B	107	CG2	4.69733
B	8	C	B	9	N	1.34194
B	8	O	B	10	N	3.24421
B	8	CA	B	19	O	3.80974
B	8	CA	B	20	CD2	3.86873
B	8	N	B	21	N	4.90759
B	8	O	B	107	OG1	4.97062
B	9	C	B	10	N	1.32463
B	9	C	B	11	N	3.2102
B	9	O	B	12	CG2	4.72623
B	9	CD	B	19	O	3.3052
B	9	O	B	20	CD2	4.55679
B	9	O	B	108	O	4.86872
B	9	O	B	109	CG2	3.90603
B	10	C	B	11	N	1.32969
B	10	C	B	12	N	4.28572
B	10	CA	B	108	O	3.64426
B	10	O	B	109	CA	3.46782
B	10	O	B	110	N	2.74644
B	11	C	B	12	N	1.32756
B	11	C	B	13	N	4.40317
B	11	CA	B	110	O	3.40331
B	11	CD1	B	112	O	4.32373
B	11	CD2	B	114	O	4.79888
B	11	CD1	B	146	CZ	3.48776
B	12	C	B	13	N	1.32636
B	12	O	B	14	N	4.0369
B	12	CG1	B	16	CB	4.04704
B	12	CG1	B	17	O	3.80359
B	12	CG2	B	18	CA	3.88887
B	12	CG1	B	85	CG2	3.38548
B	12	CG2	B	109	CG1	3.90687
B	12	N	B	110	O	2.84855
B	12	O	B	111	CA	2.95476
B	12	O	B	112	N	2.90255
B	13	C	B	14	N	1.34229
B	13	O	B	15	N	3.35001
B	13	O	B	16	N	2.97125
B	13	O	B	85	CG2	3.42031
B	13	C	B	111	CG1	3.98091
B	13	CA	B	112	O	3.61595
B	13	CG	B	113	CA	4.64274
B	14	C	B	15	N	1.33313
B	14	C	B	16	N	3.13731
B	14	CA	B	85	O	3.56647
B	14	CA	B	86	CA	4.79509
B	14	N	B	111	CG1	3.74885
B	14	CD	B	112	C	3.5844
B	14	CD	B	113	N	3.68286
B	15	C	B	16	N	1.32758
B	15	O	B	17	N	4.3905
B	15	O	B	84	CA	3.60995
B	15	N	B	85	O	2.78943
B	15	N	B	86	N	4.94417
B	16	C	B	17	N	1.32431
B	16	O	B	18	N	4.06848
B	16	O	B	82	O	4.02795
B	16	O	B	83	C	3.8059
B	16	O	B	84	N	3.31415
B	16	O	B	85	N	3.20249
B	17	C	B	18	N	1.32553
B	17	O	B	19	N	3.72278
B	17	CG2	B	81	CG	3.65496
B	17	CA	B	82	O	3.48752
B	17	OG1	B	83	OD1	2.80084
B	17	OG1	B	84	N	4.88663
B	17	N	B	85	CG2	4.88275
B	18	C	B	19	N	1.32996
B	18	CD2	B	20	CG	3.98929
B	18	O	B	80	O	3.54416
B	18	O	B	81	CA	3.37471
B	18	N	B	82	O	2.81882
B	18	N	B	83	N	4.88456
B	18	CB	B	85	CG1	3.84921
B	18	CD1	B	89	O	4.5073
B	18	CD1	B	93	OH	3.34833
B	18	CD1	B	109	CG1	3.34967
B	19	C	B	20	N	1.32908
B	19	C	B	21	N	4.54642
B	19	CA	B	80	O	3.34821
B	19	CA	B	81	CA	4.77629
B	20	C	B	21	N	1.32801
B	20	C	B	22	N	4.44129
B	20	CB	B	36	CH2	3.77224
B	20	O	B	78	O	4.39632
B	20	O	B	79	CA	3.4735
B	20	N	B	80	O	3.03577
B	20	CD1	B	93	CB	3.322
B	20	CD2	B	107	CG2	3.66392
B	20	CD1	B	109	CG2	3.89585
B	21	C	B	22	N	1.3258
B	21	CG2	B	23	OG	4.00932
B	21	C	B	36	CH2	3.82089
B	21	CG2	B	77	CD	3.95192
B	21	CA	B	78	O	3.86609
B	21	OG1	B	79	CD2	3.26764
B	22	C	B	23	N	1.32391
B	22	O	B	24	N	3.73124
B	22	CB	B	36	CZ2	3.82002
B	22	O	B	76	O	4.30695
B	22	O	B	77	CA	3.12015
B	22	N	B	78	O	3.04398
B	22	SG	B	95	SG	2.03813
B	23	C	B	24	N	1.3284
B	23	O	B	25	N	3.75716
B	23	C	B	76	O	3.90918
B	23	OG	B	77	NE2	3.23024
B	24	C	B	25	N	1.3293
B	24	C	B	26	N	4.49444
B	24	CG1	B	27	O	3.50537
B	24	CG1	B	28	O	4.46431
B	24	CG2	B	29	CG2	4.09988
B	24	CG1	B	34	CH2	3.61494
B	24	N	B	76	O	2.92369
B	24	N	B	77	CA	4.52452
B	24	CG2	B	78	CD1	4.20531
B	25	C	B	26	N	1.32911
B	25	C	B	27	N	3.11813
B	26	C	B	27	N	1.32981
B	26	C	B	28	N	4.79695
B	27	C	B	28	N	1.32766
B	27	O	B	29	N	3.90212
B	27	OD2	B	31	OG	2.5296
B	27	O	B	76	OD1	4.2248
B	28	C	B	29	N	1.32864
B	28	OG	B	30	OG1	2.70589
B	28	O	B	31	N	2.9658
B	28	O	B	32	N	4.48185
B	28	O	B	34	CZ2	3.79222
B	28	CA	B	76	OD1	3.32659
B	29	C	B	30	N	1.33055
B	29	C	B	31	N	3.07499
B	29	O	B	32	O	3.31212
B	29	O	B	34	NE1	2.62791
B	29	O	B	71	NH1	4.27853
B	29	CG1	B	72	O	3.99465
B	29	CG1	B	73	CA	4.03586
B	29	N	B	76	OD1	2.76329
B	29	CG2	B	77	O	4.18652
B	29	CG2	B	78	CD1	4.30116
B	30	C	B	31	N	1.32813
B	30	C	B	32	N	3.31224
B	30	N	B	34	NE1	4.73686
B	30	O	B	53	CB	4.05433
B	30	CG2	B	71	NH1	3.87689
B	30	CG2	B	73	OG1	3.53803
B	30	N	B	76	OD1	4.63821
B	31	C	B	32	N	1.32966
B	31	C	B	33	N	4.82762
B	31	C	B	34	CZ2	4.84429
B	32	C	B	33	N	1.32636
B	32	O	B	34	NE1	2.86722
B	32	O	B	51	O	4.61749
B	32	O	B	52	C	4.17397
B	32	O	B	53	CA	3.51643
B	32	OD1	B	97	CB	3.6168
B	32	OD2	B	98	CB	4.50801
B	32	OD2	B	99	N	4.93143
B	33	C	B	34	N	1.32545
B	33	C	B	35	N	4.59474
B	33	CB	B	50	CD1	4.65126
B	33	CA	B	51	O	3.20763
B	33	CB	B	52	CA	3.69527
B	33	CA	B	53	N	3.8826
B	33	O	B	96	O	4.63749
B	33	O	B	97	CA	3.71478
B	33	O	B	98	N	2.94453
B	34	C	B	35	N	1.33067
B	34	C	B	36	N	4.65976
B	34	O	B	49	O	4.31645
B	34	O	B	50	CA	3.01495
B	34	O	B	51	N	2.71644
B	34	N	B	52	N	4.90615
B	34	CB	B	78	CZ	3.1659
B	34	CA	B	96	O	3.53517
B	34	CE3	B	97	CA	3.74274
B	34	CA	B	98	N	4.08205
B	34	CZ3	B	102	CG1	4.21128
B	35	C	B	36	N	1.32809
B	35	C	B	37	N	4.2326
B	35	OG	B	47	OH	2.46461
B	35	CA	B	49	O	3.34562
B	35	OG	B	50	CB	2.77196
B	35	N	B	51	N	4.93253
B	35	O	B	78	OH	2.85999
B	35	O	B	94	O	4.03153
B	35	O	B	95	CA	3.20765
B	35	N	B	96	O	2.69611
B	35	N	B	97	C	4.63337
B	35	OG	B	98	CA	4.24491
B	36	C	B	37	N	1.32582
B	36	C	B	38	N	4.41754
B	36	O	B	46	O	4.41679
B	36	O	B	47	C	3.98456
B	36	O	B	48	N	3.01103
B	36	N	B	49	O	3.11786
B	36	CD1	B	69	CD1	3.85232
B	36	NE1	B	78	CE2	3.44913
B	36	NE1	B	79	O	3.27855
B	36	NE1	B	80	CB	3.3505
B	36	CE3	B	93	CB	4.84937
B	36	CA	B	94	O	3.43424
B	36	CZ3	B	95	CB	3.73459
B	37	C	B	38	N	1.33183
B	37	C	B	39	N	4.43405
B	37	CG2	B	45	CD2	4.21576
B	37	CG2	B	46	O	3.44146
B	37	CD1	B	47	CE1	3.73305
B	37	CA	B	48	N	4.42707
B	37	O	B	92	O	4.00033
B	37	O	B	93	CA	3.69961
B	37	O	B	94	N	2.79317
B	37	CD1	B	96	CB	4.52282
B	37	CD1	B	103	CH2	3.31085
B	38	C	B	39	N	1.32822
B	38	NH1	B	40	CZ	3.30108
B	38	O	B	44	O	3.77696
B	38	O	B	45	CA	3.53208
B	38	NH1	B	46	OE1	2.71087
B	38	CD	B	48	CG	3.57237
B	38	NH1	B	63	CD1	3.96525
B	38	NH2	B	66	NH1	4.58541
B	38	NH2	B	82	CD2	3.53028
B	38	NH2	B	88	O	4.62766
B	38	NH2	B	89	OD1	2.6391
B	38	CB	B	91	CB	4.35709
B	38	CA	B	92	O	3.32199
B	38	NH2	B	93	OH	2.95153
B	38	CA	B	94	N	4.88885
B	39	C	B	40	N	1.33033
B	39	O	B	41	N	4.04716
B	39	NZ	B	43	OD1	2.75614
B	39	CA	B	44	O	3.56188
B	39	CB	B	45	CD2	3.68388
B	39	O	B	90	O	4.9826
B	39	O	B	91	CB	3.22806
B	39	N	B	92	O	2.7929
B	39	N	B	93	N	4.98669
B	39	CB	B	94	CE2	4.00712
B	40	C	B	41	N	1.34641
B	40	O	B	42	N	3.08612
B	40	O	B	43	N	3.2791
B	40	N	B	44	O	2.87739
B	40	CE2	B	46	CB	3.94904
B	40	CE1	B	88	O	3.22573
B	40	CE1	B	89	CA	4.58365
B	40	CD1	B	90	O	3.81774
B	40	CD1	B	91	CB	3.93347
B	41	C	B	42	N	1.32635
B	41	C	B	43	N	3.34742
B	41	CD	B	90	O	3.99005
B	42	C	B	43	N	1.32696
B	42	C	B	44	N	3.15712
B	43	C	B	44	N	1.32801
B	43	O	B	45	N	3.76925
B	44	C	B	45	N	1.32919
B	44	O	B	46	N	3.98965
B	45	C	B	46	N	1.32447
B	45	C	B	47	N	4.33515
B	46	C	B	47	N	1.32806
B	46	O	B	48	N	3.27722
B	46	CG	B	60	ND1	4.09592
B	46	OE2	B	62	CB	4.75838
B	46	OE1	B	63	CD2	3.38998
B	47	C	B	48	N	1.33315
B	47	C	B	49	N	3.43043
B	47	CE2	B	50	CD2	4.01675
B	47	O	B	60	ND1	3.14741
B	47	OH	B	97	O	4.82632
B	47	OH	B	98	O	4.10348
B	48	C	B	49	N	1.33185
B	48	C	B	50	N	4.8005
B	48	O	B	58	O	4.4759
B	48	O	B	59	C	3.82328
B	48	O	B	60	N	2.84744
B	48	CE	B	63	CD2	3.8013
B	48	O	B	67	CD1	3.87608
B	48	CE	B	80	CD2	4.11905
B	48	CE	B	82	CD2	3.96629
B	48	SD	B	93	CE2	3.68359
B	49	C	B	50	N	1.33105
B	49	C	B	51	N	4.62837
B	49	CA	B	58	O	3.09019
B	49	CA	B	59	CA	4.39063
B	49	CA	B	60	N	4.44873
B	49	N	B	67	CD1	4.90795
B	49	C	B	69	CD1	3.71265
B	50	C	B	51	N	1.33085
B	50	C	B	52	N	4.14282
B	50	O	B	56	O	4.21088
B	50	O	B	57	CA	3.57268
B	50	N	B	58	O	3.02193
B	50	N	B	69	CD1	3.94411
B	50	CZ	B	98	NE1	3.89238
B	51	C	B	52	N	1.32412
B	51	O	B	53	N	4.13846
B	51	CG1	B	55	O	3.7265
B	51	CA	B	56	O	3.42619
B	51	CG1	B	57	CG2	4.07394
B	51	CB	B	69	CG2	3.76953
B	51	CD1	B	70	C	3.96847
B	51	CD1	B	71	CB	3.88364
B	51	CG2	B	78	CD2	4.2498
B	52	C	B	53	N	1.32535
B	52	C	B	54	N	2.96782
B	52	O	B	55	N	3.24021
B	52	N	B	56	O	2.93541
B	52	O	B	71	NH1	3.74308
B	53	C	B	54	N	1.33308
B	53	C	B	55	N	3.49077
B	53	O	B	71	NH1	2.74098
B	54	C	B	55	N	1.32823
B	54	OG	B	56	OG	3.09305
B	54	O	B	71	NH2	3.36519
B	55	C	B	56	N	1.33136
B	55	O	B	57	N	3.87382
B	55	N	B	71	NH2	3.84876
B	56	C	B	57	N	1.33334
B	56	C	B	58	N	4.6177
B	57	C	B	58	N	1.32565
B	57	OG1	B	59	OH	3.38172
B	57	CG2	B	69	O	3.62409
B	58	C	B	59	N	1.32749
B	58	O	B	60	N	4.28447
B	58	O	B	69	CD1	4.97925
B	59	C	B	60	N	1.33057
B	59	O	B	61	N	3.1049
B	59	CD2	B	64	NZ	3.71189
B	59	CG	B	67	CG2	3.55623
B	59	OH	B	68	CA	3.67576
B	59	OH	B	69	N	3.01914
B	60	C	B	61	N	1.34088
B	60	CD2	B	62	N	3.09433
B	60	O	B	63	N	2.79212
B	60	O	B	64	N	2.7348
B	61	C	B	62	N	1.32938
B	61	C	B	63	N	3.01841
B	61	O	B	64	N	3.1939
B	62	C	B	63	N	1.33068
B	62	C	B	64	N	3.64096
B	63	C	B	64	N	1.32888
B	63	O	B	65	N	2.59016
B	63	O	B	66	N	2.7725
B	63	O	B	67	N	3.29367
B	63	CG	B	82	CD1	4.19482
B	64	C	B	65	N	1.3285
B	64	C	B	66	N	3.77795
B	64	N	B	67	CG2	4.12645
B	65	C	B	66	N	1.32953
B	65	C	B	67	N	3.65081
B	66	C	B	67	N	1.32738
B	66	O	B	68	N	4.08224
B	66	O	B	81	O	3.51485
B	66	O	B	82	CA	3.38603
B	66	NH2	B	83	O	2.94049
B	66	NH2	B	84	O	3.52779
B	66	NH2	B	85	CA	3.75388
B	66	NH2	B	86	N	4.93988
B	66	NH1	B	89	OD1	2.89537
B	67	C	B	68	N	1.32654
B	67	CD1	B	69	CD1	4.24592
B	67	CD1	B	80	CD1	3.69823
B	67	CA	B	81	O	3.35767
B	67	CB	B	82	CD1	4.078
B	68	C	B	69	N	1.32525
B	68	OG	B	70	CG2	3.98069
B	68	O	B	79	O	3.84086
B	68	O	B	80	CA	3.57096
B	68	O	B	81	N	2.79895
B	69	C	B	70	N	1.32556
B	69	C	B	71	N	4.66575
B	69	CG2	B	78	CD2	4.45394
B	69	CA	B	79	O	3.22653
B	69	CG1	B	80	CD1	4.37933
B	70	C	B	71	N	1.32896
B	70	C	B	72	N	4.62863
B	70	O	B	77	O	4.67147
B	70	O	B	78	CA	3.07173
B	70	O	B	79	N	2.53693
B	71	C	B	72	N	1.32428
B	71	NE	B	73	OG1	3.98609
B	71	CA	B	77	O	3.41689
B	71	CA	B	78	CA	3.73131
B	71	C	B	79	CE1	4.1582
B	72	C	B	73	N	1.3301
B	72	OD1	B	74	N	2.85524
B	72	OD1	B	75	N	2.88531
B	72	O	B	76	N	2.86523
B	72	N	B	77	O	2.73432
B	72	N	B	78	CA	4.6288
B	72	CB	B	79	OH	3.41939
B	73	C	B	74	N	1.32887
B	73	C	B	75	N	3.50208
B	73	O	B	76	N	3.96114
B	74	C	B	75	N	1.32499
B	74	C	B	76	N	3.36458
B	75	C	B	76	N	1.32725
B	75	O	B	77	CG	3.28514
B	75	CE	B	79	OH	3.17024
B	76	C	B	77	N	1.32506
B	76	C	B	78	N	4.64069
B	77	C	B	78	N	1.32804
B	77	OE1	B	79	OH	2.68239
B	78	C	B	79	N	1.32474
B	78	C	B	80	N	4.5898
B	78	OH	B	95	CB	2.9853
B	78	OH	B	96	N	3.21599
B	78	OH	B	97	N	4.90847
B	79	C	B	80	N	1.32379
B	79	C	B	81	N	4.29226
B	80	C	B	81	N	1.32659
B	80	C	B	82	N	4.2561
B	80	CD2	B	93	CD2	3.87669
B	81	C	B	82	N	1.32807
B	81	NE2	B	83	OD1	3.11888
B	82	C	B	83	N	1.33039
B	82	O	B	84	N	4.27948
B	82	O	B	85	CG1	3.48793
B	82	CD2	B	89	OD1	3.83477
B	82	CD2	B	93	OH	4.08685
B	83	C	B	84	N	1.32936
B	83	O	B	85	N	3.02119
B	84	C	B	85	N	1.32349
B	84	O	B	86	N	3.82237
B	84	O	B	89	OD2	4.36074
B	85	C	B	86	N	1.32639
B	85	C	B	87	N	4.65272
B	85	CA	B	89	OD2	3.09984
B	85	CG2	B	111	CG1	3.73994
B	86	C	B	87	N	1.32566
B	86	O	B	88	N	2.74195
B	86	O	B	89	N	2.75244
B	86	O	B	90	N	4.21853
B	86	O	B	111	CB	3.55398
B	87	C	B	88	N	1.33313
B	87	C	B	89	N	3.1066
B	87	O	B	90	OG1	2.97083
B	87	CG2	B	111	O	3.8444
B	88	C	B	89	N	1.3288
B	88	C	B	90	N	3.16818
B	89	C	B	90	N	1.33427
B	89	O	B	91	N	3.18789
B	89	O	B	93	OH	2.60171
B	89	O	B	109	O	4.15111
B	89	CB	B	111	CG2	4.12073
B	90	C	B	91	N	1.32745
B	90	C	B	92	N	4.79836
B	90	N	B	93	OH	4.83543
B	90	CA	B	109	O	3.3811
B	90	OG1	B	110	CA	3.86113
B	90	OG1	B	111	N	2.98998
B	91	C	B	92	N	1.32956
B	91	O	B	93	CD1	3.17581
B	91	O	B	107	O	4.02695
B	91	O	B	108	CA	3.58892
B	91	O	B	109	N	2.9694
B	92	C	B	93	N	1.32264
B	92	CG2	B	94	OH	3.60735
B	92	CG2	B	106	C	4.47162
B	92	CA	B	107	O	3.6938
B	92	OG1	B	108	OG1	3.51642
B	92	CA	B	109	N	4.98005
B	93	C	B	94	N	1.32982
B	93	C	B	95	N	4.49395
B	93	O	B	106	CA	3.107
B	93	O	B	107	N	2.78085
B	93	N	B	108	N	4.69899
B	93	CD1	B	109	CG2	3.73279
B	94	C	B	95	N	1.32924
B	94	C	B	96	N	4.24875
B	94	CB	B	103	CE3	3.85397
B	94	CD1	B	104	O	3.89071
B	94	CE1	B	105	O	3.6168
B	94	CD1	B	106	CA	3.39101
B	94	N	B	107	N	4.98742
B	95	C	B	96	N	1.32525
B	95	C	B	97	N	4.69716
B	95	O	B	102	O	4.37916
B	95	O	B	103	CA	3.63848
B	95	O	B	104	N	2.99678
B	96	C	B	97	N	1.32863
B	96	O	B	98	N	3.74078
B	96	CA	B	102	O	3.21469
B	96	CB	B	103	CD2	3.70178
B	97	C	B	98	N	1.32984
B	97	C	B	99	N	3.05934
B	97	O	B	100	N	2.91941
B	97	OG	B	101	N	3.29019
B	97	OG	B	102	CG1	2.97117
B	98	C	B	99	N	1.33233
B	98	C	B	100	N	3.18739
B	99	C	B	100	N	1.32794
B	99	C	B	101	N	3.20849
B	100	C	B	101	N	1.33212
B	100	C	B	102	N	3.37224
B	100	O	B	103	NE1	3.08846
B	101	C	B	102	N	1.32952
B	101	C	B	103	N	4.40912
B	102	C	B	103	N	1.32652
B	102	C	B	104	N	4.54382
B	103	C	B	104	N	1.33198
B	103	O	B	105	N	4.07479
B	104	C	B	105	N	1.32767
B	104	C	B	106	N	3.06606
B	105	C	B	106	N	1.32791
B	105	C	B	107	N	4.48949
B	106	C	B	107	N	1.3279
B	106	C	B	108	N	4.52731
B	107	C	B	108	N	1.32715
B	107	O	B	109	N	3.7164
B	108	C	B	109	N	1.32423
B	108	CG2	B	110	OG1	3.80133
B	109	C	B	110	N	1.32734
B	109	O	B	111	N	4.16613
B	110	C	B	111	N	1.32739
B	110	O	B	112	N	3.81501
B	110	CG2	B	146	CE1	4.90247
B	110	CG2	B	175	OH	3.6444
B	111	C	B	112	N	1.32553
B	111	C	B	113	N	4.72262
B	112	C	B	113	N	1.32833
B	112	OG	B	114	N	2.81302
B	112	OG	B	146	CZ	3.62973
B	112	OG	B	173	O	4.61735
B	113	C	B	114	N	1.32963
B	113	O	B	115	N	3.72571
B	114	C	B	115	N	1.32525
B	114	O	B	116	N	4.29775
B	114	O	B	146	CE2	3.3199
B	114	CB	B	173	O	3.91476
B	114	CB	B	174	CD2	4.15678
B	115	C	B	116	N	1.32921
B	115	O	B	117	OG1	2.75779
B	115	O	B	146	CD2	3.6851
B	115	O	B	174	CD2	4.79397
B	116	C	B	117	N	1.32666
B	116	C	B	118	N	4.45416
B	116	CA	B	146	O	3.08673
B	116	OG1	B	147	CD	4.0937
B	116	CG2	B	199	CE1	4.46221
B	116	CG2	B	201	O	3.52079
B	116	CG2	B	202	CB	3.97731
B	117	C	B	118	N	1.33144
B	117	O	B	119	N	3.65049
B	117	CG2	B	144	O	3.34248
B	117	O	B	145	CA	3.0965
B	117	N	B	146	O	2.7457
B	117	N	B	147	N	4.93914
B	117	OG1	B	174	CD2	4.23823
B	117	O	B	199	CE1	3.28151
B	117	C	B	202	CB	4.45206
B	118	C	B	119	N	1.33253
B	118	O	B	120	N	4.04103
B	118	O	B	143	O	4.80449
B	118	O	B	144	O	3.52091
B	118	C	B	145	CB	4.1457
B	118	CA	B	199	ND1	3.86548
B	118	CB	B	202	OG	3.48165
B	118	CB	B	204	CG2	3.79444
B	119	C	B	120	N	1.32622
B	119	C	B	121	N	4.01048
B	119	CB	B	142	CG1	3.59819
B	119	CA	B	143	O	3.59859
B	119	CA	B	144	O	4.24897
B	119	CB	B	145	CB	3.34825
B	119	CG	B	150	CG1	4.54334
B	119	CG	B	197	CG1	4.34623
B	119	CD	B	199	CB	3.65477
B	119	CD	B	202	OG	4.44992
B	119	CD	B	204	OG1	4.00872
B	120	C	B	121	N	1.32514
B	120	CB	B	122	OH	3.41987
B	120	O	B	141	O	3.48784
B	120	O	B	142	CA	3.54563
B	120	O	B	143	N	2.82676
B	121	C	B	122	N	1.33124
B	121	O	B	123	CD	4.00149
B	121	CG1	B	140	SG	3.37449
B	121	CA	B	141	O	3.57339
B	121	CG2	B	142	CG1	4.58893
B	121	CG1	B	195	SG	4.06249
B	121	CG2	B	197	CB	3.84645
B	121	CG2	B	206	CG2	3.17829
B	121	O	B	208	CE	3.57309
B	122	C	B	123	N	1.33986
B	122	O	B	124	N	3.68129
B	122	O	B	139	O	4.21338
B	122	O	B	140	CA	3.36495
B	122	N	B	141	O	2.76189
B	122	N	B	142	N	4.96629
B	122	CE2	B	143	CB	4.13637
B	122	C	B	208	CG	4.89768
B	123	C	B	124	N	1.32626
B	123	C	B	125	N	3.96438
B	123	C	B	139	O	3.79385
B	123	CA	B	140	CA	4.86591
B	123	CD	B	208	CG	4.02096
B	123	CB	B	209	O	4.06826
B	123	CB	B	210	CD1	3.57104
B	124	C	B	125	N	1.32845
B	124	C	B	126	N	4.59311
B	124	O	B	138	CA	3.55273
B	124	N	B	139	O	2.8028
B	124	CD1	B	140	N	3.45179
B	124	CG	B	141	N	3.92614
B	124	CD1	B	179	O	4.76219
B	124	O	B	210	CG2	3.68269
B	125	C	B	126	N	1.34061
B	125	O	B	127	N	3.66479
B	125	CA	B	138	CD1	4.37011
B	125	N	B	139	N	4.94269
B	125	CB	B	188	CH2	4.69745
B	125	CB	B	210	CG2	3.81662
B	126	C	B	127	N	1.3287
B	126	O	B	128	N	3.18331
B	126	O	B	129	N	3.06383
B	126	CB	B	130	O	3.62083
B	126	CG	B	136	CG2	4.71679
B	126	CD	B	137	O	4.48794
B	126	CD	B	138	CD1	3.63046
B	126	CG	B	188	CZ3	4.38084
B	127	C	B	128	N	1.33057
B	127	O	B	129	N	3.19344
B	127	O	B	130	OD1	2.86532
B	128	C	B	129	N	1.33058
B	128	O	B	130	OD1	2.50583
B	129	C	B	130	N	1.32874
B	129	O	B	131	N	3.52384
B	129	CA	B	188	CZ3	4.99144
B	130	C	B	131	N	1.32921
B	130	O	B	132	N	3.96074
B	131	C	B	132	N	1.32849
B	131	CG2	B	133	O	4.24763
B	131	CG2	B	135	O	4.95986
B	131	CG2	B	136	CB	4.70349
B	131	CG2	B	185	OG	3.46569
B	131	OG1	B	188	O	4.49436
B	131	OG1	B	189	CD	4.84598
B	132	C	B	133	N	1.32772
B	132	O	B	134	N	4.14577
B	132	C	B	135	O	4.93548
B	132	O	B	185	OG	4.9189
B	133	C	B	134	N	1.32573
B	133	C	B	135	N	3.0928
B	133	O	B	185	OG	2.87911
B	134	C	B	135	N	1.32976
B	134	C	B	136	N	4.62973
B	134	O	B	183	O	4.78045
B	134	O	B	184	C	3.68026
B	134	O	B	185	OG	2.73748
B	134	O	B	186	N	4.80964
B	135	C	B	136	N	1.32639
B	135	C	B	137	N	4.55001
B	135	OG	B	182	CG2	3.99343
B	135	CB	B	183	O	3.30435
B	135	CA	B	184	CA	4.1002
B	135	N	B	185	OG	3.2378
B	136	C	B	137	N	1.32686
B	136	CG2	B	138	CD1	3.94097
B	136	O	B	181	O	3.92085
B	136	O	B	182	CA	3.42464
B	136	N	B	183	O	2.78751
B	136	CG1	B	184	O	4.12888
B	136	N	B	185	OG	4.26643
B	136	CG1	B	188	CB	4.16429
B	137	C	B	138	N	1.32523
B	137	C	B	139	N	4.56698
B	137	CA	B	181	O	3.16952
B	137	CG2	B	182	OG1	2.83571
B	137	CA	B	183	N	4.98054
B	138	C	B	139	N	1.32689
B	138	C	B	140	N	4.72683
B	138	C	B	154	CH2	4.57899
B	138	O	B	179	O	4.13427
B	138	O	B	180	CA	3.40597
B	138	N	B	181	O	2.85824
B	138	CD2	B	183	CG2	4.19327
B	138	CD1	B	188	CE3	4.04246
B	138	CD2	B	193	CD1	3.94373
B	138	CG	B	210	CG2	3.91095
B	139	C	B	140	N	1.32744
B	139	C	B	141	N	4.39233
B	139	C	B	154	CH2	3.44392
B	139	CA	B	179	O	3.1074
B	139	CA	B	180	CA	4.3506
B	139	N	B	181	CG1	4.8757
B	139	O	B	210	CD1	3.22651
B	140	C	B	141	N	1.32561
B	140	O	B	142	N	3.9051
B	140	CB	B	152	CD1	4.21503
B	140	CB	B	154	CH2	3.64484
B	140	O	B	177	O	3.96717
B	140	O	B	178	CA	3.19121
B	140	N	B	179	O	2.89614
B	140	SG	B	195	SG	2.03774
B	140	SG	B	197	CG2	4.50148
B	140	SG	B	208	CB	4.97626
B	141	C	B	142	N	1.33712
B	141	O	B	143	N	3.68496
B	141	CD1	B	176	CG2	3.57888
B	141	C	B	177	O	3.56435
B	141	CD1	B	178	CB	4.37219
B	142	C	B	143	N	1.32761
B	142	O	B	144	N	4.25972
B	142	O	B	145	CE1	3.71199
B	142	CG1	B	150	CG1	4.45005
B	142	CG2	B	152	CD1	3.76367
B	142	O	B	175	O	4.04656
B	142	O	B	176	CA	3.16761
B	142	N	B	177	O	2.58386
B	142	N	B	178	CA	4.67057
B	142	CG2	B	197	CG2	3.76042
B	143	C	B	144	N	1.33316
B	143	C	B	145	N	3.70546
B	143	CE	B	171	OE1	3.66325
B	143	C	B	175	O	3.8225
B	143	CG	B	176	OG1	3.72175
B	143	N	B	177	O	4.81399
B	144	C	B	145	N	1.32425
B	144	C	B	146	N	4.47455
B	144	O	B	174	CD1	3.64522
B	144	N	B	175	O	2.90355
B	144	N	B	176	OG1	3.70685
B	145	C	B	146	N	1.32559
B	145	CD2	B	147	O	3.71406
B	145	CE2	B	148	CA	4.07198
B	145	CE2	B	149	C	4.48499
B	145	CE2	B	150	CG1	3.41278
B	145	OH	B	168	CB	3.18106
B	145	O	B	174	CB	3.70837
B	145	O	B	175	N	2.91556
B	145	CE1	B	176	N	4.04228
B	145	OH	B	177	CB	3.72894
B	145	CD2	B	199	NE2	3.91425
B	146	C	B	147	N	1.3383
B	146	C	B	148	N	4.5111
B	146	CD1	B	173	O	3.88603
B	146	CB	B	174	CD2	3.72229
B	146	CD1	B	175	CE2	3.54133
B	146	O	B	199	CE1	3.2794
B	146	O	B	201	CB	4.77765
B	147	C	B	148	N	1.32839
B	147	O	B	149	N	3.87817
B	147	CA	B	175	CE2	4.36109
B	147	O	B	199	NE2	2.80979
B	147	CD	B	201	CB	3.788
B	148	C	B	149	N	1.3388
B	148	C	B	150	N	4.68157
B	148	OE1	B	168	CB	3.71498
B	148	OE2	B	175	CE1	3.3566
B	149	C	B	150	N	1.32524
B	149	C	B	151	N	4.47861
B	149	O	B	198	O	4.39474
B	149	O	B	199	CD2	3.34293
B	149	O	B	200	CD	3.84351
B	150	C	B	151	N	1.32411
B	150	C	B	152	N	4.12312
B	150	CG2	B	177	CD1	4.03723
B	150	CB	B	197	CG1	4.20321
B	150	CA	B	198	O	3.13403
B	150	CG1	B	199	CD2	3.65295
B	150	CA	B	200	CD	4.8886
B	151	C	B	152	N	1.32553
B	151	C	B	153	N	4.27465
B	151	O	B	196	O	3.3994
B	151	O	B	197	CA	3.33329
B	151	N	B	198	O	2.87109
B	152	C	B	153	N	1.33098
B	152	CD2	B	154	NE1	3.66943
B	152	CD2	B	165	OG1	4.43805
B	152	CD1	B	177	CD2	3.83348
B	152	CD1	B	179	CB	3.56987
B	152	CD1	B	195	SG	4.0397
B	152	CA	B	196	O	3.2568
B	152	CG	B	197	CG2	4.00567
B	153	C	B	154	N	1.32969
B	153	C	B	155	N	4.21606
B	153	OG1	B	156	CA	4.12864
B	153	CB	B	157	N	4.03749
B	153	O	B	194	O	3.89198
B	153	O	B	195	CA	3.66116
B	153	OG1	B	196	OD1	2.73627
B	154	C	B	155	N	1.33306
B	154	C	B	156	N	3.21383
B	154	O	B	157	N	3.00148
B	154	O	B	158	N	3.58757
B	154	O	B	159	N	3.2592
B	154	CD1	B	163	CG2	3.77801
B	154	NE1	B	179	OG	3.0714
B	154	NE1	B	180	O	4.25087
B	154	CE2	B	181	CG1	3.72548
B	154	CE3	B	193	CG2	3.6909
B	154	CA	B	194	O	3.27396
B	154	CZ3	B	195	CB	3.74434
B	154	C	B	196	OD1	3.70047
B	154	CZ3	B	210	CG1	3.92271
B	155	C	B	156	N	1.33032
B	155	O	B	157	N	2.89258
B	155	O	B	158	N	2.85495
B	155	CB	B	159	CB	4.13829
B	155	ND2	B	191	OE1	3.73416
B	155	ND2	B	192	O	3.19377
B	155	OD1	B	193	CA	3.27016
B	155	OD1	B	194	N	2.605
B	155	N	B	195	N	4.91808
B	155	N	B	196	OD1	3.44054
B	156	C	B	157	N	1.33087
B	156	C	B	158	N	3.44752
B	156	N	B	194	O	4.79339
B	156	N	B	196	OD1	2.66747
B	157	C	B	158	N	1.32673
B	157	C	B	159	N	3.03534
B	157	O	B	160	CB	4.04093
B	157	N	B	196	OD1	4.36302
B	158	C	B	159	N	1.32844
B	158	C	B	160	N	3.91244
B	159	C	B	160	N	1.32803
B	159	C	B	161	N	3.85363
B	159	O	B	163	CG2	4.1231
B	159	CD2	B	181	CG2	3.57981
B	159	CD1	B	183	CG1	3.96117
B	159	CD2	B	193	CD1	3.96239
B	160	C	B	161	N	1.32646
B	160	O	B	162	N	4.01412
B	160	O	B	163	CG2	3.79154
B	161	C	B	162	N	1.32792
B	161	C	B	163	N	3.22192
B	161	O	B	181	CG2	4.17025
B	161	O	B	182	O	4.13699
B	162	C	B	163	N	1.32891
B	162	O	B	164	N	4.21299
B	162	O	B	180	O	3.70841
B	162	O	B	181	CA	3.22297
B	162	O	B	182	N	2.82325
B	163	C	B	164	N	1.33044
B	163	CG1	B	165	OG1	3.71036
B	163	CG1	B	179	OG	3.84637
B	163	CA	B	180	O	3.22233
B	163	CG2	B	181	CG2	3.84909
B	163	N	B	182	N	4.9517
B	164	C	B	165	N	1.32884
B	164	O	B	166	CE1	3.42341
B	164	O	B	178	O	4.16152
B	164	O	B	179	CA	3.23791
B	164	O	B	180	N	2.78639
B	164	N	B	181	N	4.98186
B	165	C	B	166	N	1.32619
B	165	O	B	167	N	4.16736
B	165	CG2	B	177	CD1	4.10254
B	165	CA	B	178	O	3.73978
B	165	OG1	B	179	OG	2.9543
B	165	N	B	180	N	4.89448
B	166	C	B	167	N	1.34133
B	166	O	B	168	N	3.48918
B	166	O	B	177	CD1	3.41826
B	166	N	B	178	O	3.00687
B	166	CD1	B	179	CA	4.6135
B	166	CE1	B	180	OG	4.27318
B	167	C	B	168	N	1.32815
B	167	O	B	169	N	3.69223
B	167	O	B	176	O	4.45562
B	167	O	B	177	CA	4.93789
B	168	C	B	169	N	1.32616
B	168	C	B	170	N	4.40779
B	168	CB	B	175	CB	4.2219
B	168	CA	B	176	O	3.32327
B	168	CB	B	177	CB	4.08429
B	169	C	B	170	N	1.32732
B	169	O	B	171	N	3.44752
B	169	O	B	174	O	3.80476
B	169	O	B	175	CA	3.39543
B	169	N	B	176	O	2.97309
B	170	C	B	171	N	1.32614
B	170	C	B	172	N	4.15542
B	170	CD1	B	173	O	3.48732
B	170	C	B	174	O	3.42296
B	170	CD1	B	175	CE1	4.00248
B	171	C	B	172	N	1.32613
B	171	C	B	173	N	3.28923
B	171	N	B	174	O	2.49087
B	171	N	B	175	CA	4.58064
B	171	NE2	B	176	OG1	2.74475
B	172	C	B	173	N	1.33445
B	172	O	B	174	N	3.04607
B	173	C	B	174	N	1.32331
B	173	C	B	175	N	4.49054
B	174	C	B	175	N	1.3256
B	174	O	B	176	N	4.11656
B	175	C	B	176	N	1.32377
B	175	C	B	177	N	4.41301
B	176	C	B	177	N	1.3232
B	176	C	B	178	N	4.54867
B	177	C	B	178	N	1.32496
B	177	C	B	179	N	4.54814
B	178	C	B	179	N	1.32284
B	178	C	B	180	N	4.47488
B	179	C	B	180	N	1.32951
B	179	C	B	181	N	4.36811
B	180	C	B	181	N	1.32219
B	180	C	B	182	N	4.37068
B	181	C	B	182	N	1.32675
B	181	C	B	183	N	4.22529
B	181	CG1	B	193	CG2	4.5947
B	182	C	B	183	N	1.32987
B	182	C	B	184	N	4.68348
B	183	C	B	184	N	1.33367
B	183	O	B	185	N	3.72347
B	183	CB	B	187	CB	3.86859
B	183	CG2	B	188	CB	4.08738
B	183	CG2	B	193	CD1	3.91341
B	184	C	B	185	N	1.33074
B	184	OG1	B	186	OG	2.83797
B	184	OG1	B	187	OG1	2.47935
B	184	O	B	188	N	3.57576
B	185	C	B	186	N	1.32669
B	185	C	B	187	N	3.0432
B	185	O	B	188	O	2.90287
B	185	O	B	189	N	4.84417
B	186	C	B	187	N	1.33161
B	186	C	B	188	N	3.71309
B	186	O	B	190	OG	3.62217
B	187	C	B	188	N	1.32824
B	187	O	B	189	C	4.15355
B	187	O	B	190	N	3.5867
B	187	O	B	191	N	2.82512
B	187	CG2	B	193	CD1	4.81231
B	188	C	B	189	N	1.34604
B	188	C	B	190	N	3.32678
B	188	CD1	B	191	O	3.37804
B	188	CD1	B	192	C	4.90204
B	188	CD1	B	193	CD1	3.70211
B	188	CZ2	B	210	O	3.80485
B	189	C	B	190	N	1.33234
B	189	C	B	191	N	3.0962
B	189	O	B	192	N	4.51912
B	190	C	B	191	N	1.32624
B	190	O	B	192	N	4.2226
B	191	C	B	192	N	1.32065
B	191	O	B	193	N	3.61529
B	192	C	B	193	N	1.32645
B	192	OG	B	194	OG1	3.83562
B	192	OG	B	209	NZ	2.7251
B	193	C	B	194	N	1.32468
B	193	C	B	195	N	4.40967
B	193	O	B	208	O	4.18851
B	193	O	B	209	CA	3.58111
B	193	O	B	210	N	2.91826
B	194	C	B	195	N	1.32326
B	194	CG2	B	196	ND2	3.76707
B	194	CG2	B	207	CB	3.84226
B	194	CA	B	208	O	3.4339
B	194	OG1	B	209	CA	3.65303
B	194	CA	B	210	N	4.71982
B	195	C	B	196	N	1.33396
B	195	SG	B	197	CG2	3.70075
B	195	O	B	206	O	3.55657
B	195	O	B	207	CA	3.20359
B	195	O	B	208	N	2.7417
B	195	N	B	209	N	4.74406
B	195	CB	B	210	CD1	4.80333
B	196	C	B	197	N	1.32891
B	196	C	B	198	N	4.26845
B	196	CB	B	205	NZ	4.00172
B	196	CA	B	206	O	3.50541
B	196	ND2	B	207	OD2	2.93813
B	196	N	B	208	N	4.97519
B	197	C	B	198	N	1.33033
B	197	C	B	199	N	4.30097
B	197	O	B	204	O	3.99229
B	197	O	B	205	CA	3.05295
B	197	O	B	206	N	2.77799
B	197	N	B	207	OD2	4.86587
B	198	C	B	199	N	1.32648
B	198	O	B	200	CD	3.6092
B	198	CA	B	204	O	3.23331
B	198	CA	B	205	CA	4.07397
B	198	N	B	206	N	4.98493
B	199	C	B	200	N	1.34176
B	199	O	B	201	N	3.34817
B	199	ND1	B	202	OG	2.6823
B	199	O	B	203	N	3.14827
B	199	N	B	204	O	2.70022
B	199	N	B	205	N	4.80218
B	200	C	B	201	N	1.32878
B	200	O	B	202	N	3.06644
B	200	O	B	203	N	2.89997
B	200	N	B	204	O	4.59794
B	201	C	B	202	N	1.3285
B	201	C	B	203	N	3.41474
B	202	C	B	203	N	1.32928
B	202	OG	B	204	OG1	2.77877
B	203	C	B	204	N	1.32618
B	203	C	B	205	N	4.47673
B	204	C	B	205	N	1.32518
B	204	C	B	206	N	4.41556
B	205	C	B	206	N	1.3265
B	205	NZ	B	207	OD2	2.79765
B	206	C	B	207	N	1.32682
B	206	C	B	208	N	4.2165
B	207	C	B	208	N	1.32479
B	207	C	B	209	N	4.12676
B	208	C	B	209	N	1.32532
B	208	O	B	210	N	3.63783
B	209	C	B	210	N	1.32702
C	1	C	C	2	N	1.32852
C	1	CD	C	3	CE1	3.3072
C	1	NZ	C	7	OE2	2.79774
C	1	O	C	38	O	3.64227
C	1	O	C	39	OD1	3.57509
C	1	N	C	40	OG1	2.7154
C	1	N	C	41	OE1	3.23529
C	1	CG	C	86	CB	3.8887
C	2	C	C	3	N	1.32772
C	2	O	C	4	N	3.88422
C	2	O	C	7	OE1	4.43491
C	2	CG1	C	37	O	3.85062
C	2	CA	C	38	O	3.33071
C	2	CG2	C	39	OD1	3.91648
C	3	C	C	4	N	1.32759
C	3	O	C	5	N	3.93596
C	3	CD2	C	7	CG	3.47051
C	3	CB	C	8	CB	3.63488
C	3	CE2	C	11	CB	4.22242
C	3	O	C	37	O	4.82605
C	3	N	C	38	O	2.78549
C	3	N	C	39	N	4.95016
C	3	CE1	C	40	CG2	3.67428
C	3	CD1	C	55	CD1	3.91086
C	3	CZ	C	86	O	3.7818
C	3	CE1	C	88	CG2	3.68598
C	4	C	C	5	N	1.3275
C	4	C	C	6	N	3.42744
C	4	N	C	7	OE1	2.9726
C	4	O	C	8	N	2.90317
C	4	O	C	9	N	4.89632
C	4	C	C	38	CD2	4.45911
C	5	C	C	6	N	1.32954
C	5	C	C	7	N	3.27202
C	5	O	C	8	N	3.18256
C	5	O	C	9	N	2.99945
C	5	CG	C	29	CG1	3.98446
C	5	CB	C	38	CE2	3.79295
C	5	NH1	C	122	O	4.38466
C	5	NH1	C	123	O	2.61573
C	5	NH1	C	124	N	4.2369
C	5	NH1	C	125	O	3.68575
C	5	NH1	C	127	SG	3.32425
C	6	C	C	7	N	1.32864
C	6	C	C	8	N	3.1695
C	6	O	C	9	N	3.10868
C	6	O	C	10	N	2.9095
C	6	O	C	11	N	4.91996
C	6	SG	C	126	C	4.61922
C	6	SG	C	127	SG	2.02736
C	6	SG	C	128	N	4.93454
C	6	O	C	129	CD1	4.83689
C	7	C	C	8	N	1.32788
C	7	C	C	9	N	3.3439
C	7	O	C	10	N	3.38621
C	7	O	C	11	N	3.09051
C	8	C	C	9	N	1.33019
C	8	C	C	10	N	3.20253
C	8	O	C	11	N	3.09074
C	8	O	C	12	N	2.69513
C	8	O	C	13	N	4.75068
C	8	CD2	C	32	CB	3.68808
C	8	CD2	C	38	CD1	3.31312
C	8	CD2	C	55	CD1	3.49994
C	8	CD1	C	88	CD1	4.52527
C	9	C	C	10	N	1.32856
C	9	C	C	11	N	3.23627
C	9	O	C	12	N	3.32725
C	9	O	C	13	N	2.86348
C	9	O	C	14	N	4.95127
C	9	O	C	25	CD2	3.58315
C	9	CB	C	29	CG2	3.6491
C	9	CB	C	124	CG2	4.29001
C	9	CB	C	127	SG	4.72406
C	9	CB	C	129	CD1	3.58325
C	10	C	C	11	N	1.32906
C	10	C	C	12	N	3.35531
C	10	O	C	13	N	3.19461
C	10	O	C	14	N	2.90634
C	10	N	C	129	CD1	3.70902
C	11	C	C	12	N	1.33087
C	11	C	C	13	N	3.06256
C	11	O	C	14	N	2.98143
C	11	O	C	15	N	2.78962
C	11	CB	C	88	CD1	3.93002
C	12	C	C	13	N	1.32843
C	12	C	C	14	N	3.37015
C	12	O	C	15	N	3.4106
C	12	O	C	16	N	3.335
C	12	O	C	17	N	3.0207
C	12	O	C	18	N	4.29963
C	12	CB	C	25	CD1	3.67686
C	12	CE	C	28	O	3.61294
C	12	SD	C	29	N	3.97122
C	12	CE	C	32	CB	4.36324
C	12	CE	C	56	CD1	4.66555
C	12	N	C	88	CD1	4.20905
C	13	C	C	14	N	1.32808
C	13	C	C	15	N	3.10853
C	13	O	C	16	N	2.96331
C	13	O	C	17	N	4.50636
C	13	CE	C	18	OD2	4.21746
C	13	CB	C	25	CD2	4.1363
C	13	NZ	C	129	OXT	3.52022
C	14	C	C	15	N	1.33137
C	14	C	C	16	N	3.12747
C	15	C	C	16	N	1.33011
C	15	C	C	17	N	3.5089
C	15	NE2	C	87	OD1	4.29194
C	15	NE2	C	88	CG1	3.76262
C	15	NE2	C	89	OG1	3.28795
C	15	O	C	92	CG1	3.69277
C	15	O	C	96	NZ	2.73397
C	16	C	C	17	N	1.33292
C	16	C	C	18	N	3.45194
C	16	O	C	20	CB	3.64815
C	16	O	C	96	NZ	3.21568
C	17	C	C	18	N	1.32856
C	17	O	C	19	N	3.09893
C	17	O	C	20	N	3.19023
C	17	O	C	23	O	3.25472
C	17	O	C	24	C	4.78403
C	17	CB	C	25	CD1	4.75376
C	17	O	C	28	NE1	2.90037
C	17	CG	C	92	CG1	3.79625
C	17	CD2	C	96	CE	3.84016
C	18	C	C	19	N	1.32897
C	18	C	C	20	N	3.27134
C	18	C	C	23	O	3.84118
C	18	OD1	C	24	C	3.683
C	18	OD1	C	25	N	2.78615
C	18	N	C	28	CD1	4.72736
C	19	C	C	20	N	1.33024
C	19	O	C	21	N	3.23735
C	19	O	C	22	N	3.66327
C	19	N	C	23	O	2.72965
C	19	N	C	24	CA	3.96095
C	19	N	C	25	N	4.21563
C	20	C	C	21	N	1.32909
C	20	O	C	22	N	3.13433
C	20	O	C	23	N	3.19918
C	20	O	C	28	CZ2	4.58731
C	20	OH	C	96	CB	3.49287
C	20	OH	C	97	N	4.93753
C	20	CE2	C	99	CG1	3.50524
C	20	OH	C	100	OG	3.298
C	21	C	C	22	N	1.32999
C	21	O	C	23	CD2	3.45332
C	21	NH1	C	100	OG	3.58964
C	22	C	C	23	N	1.32386
C	22	C	C	24	N	4.10228
C	23	C	C	24	N	1.33136
C	23	O	C	25	N	3.75674
C	23	C	C	27	ND2	4.06322
C	23	O	C	28	NE1	3.40806
C	23	CE2	C	99	CG2	3.47258
C	23	OH	C	103	O	4.86389
C	23	OH	C	104	CA	3.83446
C	23	OH	C	105	N	3.28201
C	23	OH	C	106	N	4.93603
C	23	CE1	C	111	CZ2	4.02849
C	24	C	C	25	N	1.32827
C	24	O	C	26	N	3.14928
C	24	OG	C	27	ND2	3.05579
C	24	O	C	28	CD1	3.38652
C	24	OG	C	120	CG2	3.6189
C	25	C	C	26	N	1.33158
C	25	O	C	27	N	3.18313
C	25	O	C	28	N	2.97775
C	25	O	C	29	N	3.15977
C	25	CG	C	124	CG2	3.71655
C	25	CD2	C	129	CD1	3.62305
C	26	C	C	27	N	1.32772
C	26	O	C	28	N	3.12601
C	26	O	C	29	N	3.02989
C	26	O	C	30	N	2.79414
C	26	O	C	31	N	4.69274
C	26	CA	C	120	O	3.37939
C	26	CA	C	121	N	4.62831
C	26	O	C	123	CB	4.06559
C	26	N	C	124	CG2	3.87229
C	27	C	C	28	N	1.3276
C	27	C	C	29	N	3.41181
C	27	O	C	30	N	3.59413
C	27	O	C	31	N	2.97074
C	27	CB	C	105	SD	3.73068
C	27	OD1	C	111	NE1	3.11508
C	27	O	C	115	SG	4.73673
C	27	N	C	120	CG2	3.66168
C	28	C	C	29	N	1.32578
C	28	C	C	30	N	3.29439
C	28	O	C	31	N	3.38458
C	28	O	C	32	N	2.99813
C	28	O	C	33	N	4.94894
C	28	O	C	56	CD2	4.63716
C	28	CZ3	C	95	CB	4.27331
C	28	CH2	C	99	CB	3.85923
C	28	CE3	C	105	CE	3.69044
C	28	CZ3	C	108	CH2	4.06391
C	29	C	C	30	N	1.33124
C	29	C	C	31	N	3.27426
C	29	O	C	32	N	3.28605
C	29	O	C	33	N	3.00327
C	29	O	C	38	CE1	3.5786
C	29	CG1	C	123	CB	3.66274
C	29	CG2	C	124	CG2	3.85333
C	30	C	C	31	N	1.32893
C	30	C	C	32	N	3.37329
C	30	O	C	33	N	3.37656
C	30	O	C	34	N	3.15646
C	30	O	C	35	N	4.99469
C	30	SG	C	114	O	3.74813
C	30	SG	C	115	SG	2.02895
C	30	CB	C	120	CG1	4.80114
C	30	SG	C	123	NE1	3.39727
C	31	C	C	32	N	1.32763
C	31	C	C	33	N	3.24538
C	31	O	C	34	N	3.38613
C	31	O	C	35	N	2.86482
C	31	O	C	36	N	4.71145
C	31	CB	C	56	CD2	4.20362
C	31	CB	C	105	CE	4.09718
C	31	CB	C	111	CD1	4.2899
C	31	N	C	115	SG	3.67041
C	32	C	C	33	N	1.32855
C	32	C	C	34	N	3.36287
C	32	O	C	35	N	3.20635
C	32	O	C	36	N	2.82229
C	32	O	C	37	N	3.20283
C	32	O	C	38	N	3.71115
C	32	CA	C	55	O	3.64885
C	32	N	C	56	CD2	3.89804
C	33	C	C	34	N	1.32742
C	33	C	C	35	N	3.31477
C	33	O	C	36	N	3.78413
C	33	O	C	37	N	2.83901
C	33	CB	C	38	CE1	3.39146
C	33	CG	C	123	CH2	3.23122
C	34	C	C	35	N	1.32815
C	34	C	C	36	N	3.59265
C	34	N	C	37	N	4.74738
C	34	CB	C	110	CB	4.41957
C	34	CE2	C	114	CB	3.70621
C	34	CD2	C	115	SG	3.75099
C	34	CE2	C	123	CZ2	3.7765
C	35	C	C	36	N	1.33144
C	35	C	C	37	N	3.99248
C	35	CB	C	55	O	4.06925
C	35	CB	C	56	C	4.33921
C	35	O	C	57	CG	3.26102
C	35	OE2	C	108	CD1	3.44471
C	35	OE2	C	109	N	4.54575
C	35	OE2	C	110	CB	3.34938
C	35	OE2	C	111	N	4.60011
C	36	C	C	37	N	1.32711
C	36	C	C	38	N	3.13286
C	36	O	C	39	N	3.10378
C	36	CB	C	42	CB	3.72489
C	36	CB	C	54	O	3.7928
C	36	OG	C	55	O	2.67021
C	36	OG	C	56	N	4.42406
C	36	CB	C	57	NE2	4.5638
C	37	C	C	38	N	1.33364
C	37	C	C	39	N	3.21249
C	38	C	C	39	N	1.32877
C	38	O	C	40	N	3.81247
C	38	CA	C	55	CG1	3.76373
C	38	CZ	C	123	CZ3	4.48687
C	39	C	C	40	N	1.33257
C	39	OD1	C	41	N	3.17763
C	39	ND2	C	42	N	3.33097
C	39	O	C	54	C	3.67633
C	39	O	C	55	CA	3.32832
C	40	C	C	41	N	1.33068
C	40	C	C	42	N	3.26888
C	40	O	C	54	CA	3.2728
C	40	CA	C	55	N	3.87475
C	40	O	C	83	O	3.48038
C	40	O	C	84	CA	3.28701
C	40	CB	C	85	O	3.10386
C	40	OG1	C	86	CA	4.11251
C	40	CG2	C	88	CG2	4.51196
C	41	C	C	42	N	1.32639
C	41	O	C	43	N	3.50291
C	41	OE1	C	84	O	2.71265
C	41	OE1	C	85	C	4.34702
C	41	OE1	C	86	OG	4.22997
C	42	C	C	43	N	1.32833
C	42	C	C	44	N	4.67551
C	42	O	C	52	O	3.82615
C	42	O	C	53	C	3.71783
C	42	O	C	54	N	2.96989
C	42	O	C	57	NE2	3.21886
C	42	O	C	84	CD2	3.69376
C	43	C	C	44	N	1.32613
C	43	C	C	45	N	4.52805
C	43	CB	C	51	CG2	4.14373
C	43	CA	C	52	O	3.07621
C	43	CG2	C	53	CD2	4.22487
C	43	N	C	57	NE2	3.91357
C	43	CG2	C	84	CD2	3.95455
C	44	C	C	45	N	1.331
C	44	ND2	C	46	OD1	3.76236
C	44	O	C	50	O	4.41953
C	44	O	C	51	CG2	3.35476
C	44	O	C	52	N	2.82264
C	44	CB	C	57	OE1	3.4393
C	45	C	C	46	N	1.32603
C	45	C	C	47	N	4.60023
C	45	CA	C	50	O	3.69696
C	45	N	C	51	CG2	4.10423
C	45	N	C	52	N	4.92091
C	46	C	C	47	N	1.33001
C	46	O	C	48	O	2.38112
C	46	O	C	49	N	4.60003
C	46	ND2	C	50	OG	2.76049
C	46	ND2	C	51	N	3.66042
C	46	ND2	C	52	OD1	3.51391
C	46	ND2	C	59	ND2	3.30281
C	47	C	C	48	N	1.32726
C	47	O	C	49	N	4.08679
C	48	C	C	49	N	1.32564
C	48	OD2	C	50	OG	2.49968
C	48	OD1	C	59	OD1	4.86446
C	48	OD1	C	61	CD	3.30938
C	49	C	C	50	N	1.33069
C	49	O	C	51	N	4.30983
C	49	O	C	60	OG	4.48613
C	49	O	C	66	OD2	4.93855
C	49	O	C	68	O	3.88949
C	49	O	C	69	OG1	3.30424
C	49	CA	C	70	CD	3.79369
C	50	C	C	51	N	1.3304
C	50	C	C	52	N	4.58168
C	50	OG	C	59	ND2	2.95917
C	50	CA	C	60	OG	3.25097
C	50	CB	C	61	CB	3.82102
C	50	CA	C	69	CG2	3.75505
C	50	N	C	70	CD	4.87831
C	51	C	C	52	N	1.33239
C	51	O	C	53	CD1	3.11888
C	51	O	C	58	O	3.58967
C	51	O	C	59	ND2	3.45852
C	51	N	C	60	OG	2.82491
C	51	OG1	C	66	OD2	4.64231
C	51	OG1	C	68	NH2	4.52449
C	51	N	C	69	OG1	4.8293
C	52	C	C	53	N	1.32901
C	52	C	C	54	N	4.44487
C	52	CB	C	57	OE1	3.15668
C	52	CA	C	58	O	3.5423
C	52	OD1	C	59	ND2	3.40397
C	52	N	C	60	N	4.9713
C	53	C	C	54	N	1.32873
C	53	O	C	55	N	4.35779
C	53	O	C	56	C	4.21991
C	53	O	C	57	N	3.35176
C	53	O	C	58	N	2.91718
C	53	N	C	59	N	4.80058
C	53	CE1	C	60	CB	3.69999
C	53	CD1	C	64	SG	4.11157
C	53	OH	C	66	OD2	2.88058
C	53	OH	C	68	NH2	3.28985
C	53	CE1	C	80	CB	3.70398
C	53	CB	C	83	CB	4.03765
C	53	CB	C	84	CD2	3.96481
C	54	C	C	55	N	1.32428
C	54	O	C	56	N	2.94503
C	54	O	C	57	N	2.88687
C	54	CA	C	83	O	3.03257
C	54	N	C	84	CD2	3.43093
C	54	CA	C	91	OG	4.70644
C	55	C	C	56	N	1.33339
C	55	C	C	57	N	3.56854
C	55	N	C	83	O	4.36161
C	55	CD1	C	88	CG2	4.8532
C	55	CG2	C	91	CB	4.46671
C	56	C	C	57	N	1.32854
C	56	O	C	58	N	3.26695
C	56	CD1	C	91	O	4.50793
C	56	CD1	C	95	CB	3.64422
C	56	O	C	108	NE1	3.10994
C	57	C	C	58	N	1.32981
C	57	O	C	59	N	3.64824
C	57	O	C	108	NE1	4.79852
C	58	C	C	59	N	1.33612
C	58	O	C	60	N	3.77479
C	58	CG2	C	63	CB	3.2717
C	58	O	C	64	SG	4.24107
C	58	CB	C	83	CD1	3.81433
C	58	CD1	C	91	O	3.86657
C	58	CD1	C	94	SG	3.82576
C	58	CD1	C	95	N	4.31049
C	58	CG2	C	98	CD1	4.04193
C	58	CG1	C	108	NE1	4.67709
C	59	C	C	60	N	1.32893
C	59	C	C	61	N	3.32895
C	59	O	C	62	N	4.02876
C	59	O	C	63	N	3.22583
C	59	O	C	64	N	3.50175
C	60	C	C	61	N	1.32674
C	60	C	C	62	N	3.47109
C	60	C	C	63	N	4.60029
C	60	O	C	64	O	2.90678
C	60	O	C	65	CA	4.96814
C	60	OG	C	66	OD2	3.55763
C	60	OG	C	69	OG1	2.95982
C	60	O	C	72	OG	3.76068
C	60	CB	C	80	SG	3.54776
C	61	C	C	62	N	1.32623
C	61	C	C	63	N	3.97495
C	61	N	C	64	O	4.61582
C	61	CA	C	69	CG2	3.84609
C	61	CG	C	70	O	3.86591
C	61	O	C	71	O	3.11432
C	61	O	C	72	CA	3.30469
C	61	O	C	73	N	2.96375
C	61	O	C	74	N	4.56645
C	62	C	C	63	N	1.33037
C	62	C	C	64	N	3.98459
C	62	CD1	C	71	O	4.77244
C	62	CD1	C	73	CD	3.48122
C	62	O	C	74	N	3.41028
C	62	O	C	75	N	2.67911
C	62	O	C	76	N	4.52502
C	63	C	C	64	N	1.32851
C	63	C	C	65	N	4.61726
C	63	O	C	74	OD1	3.26286
C	63	CZ3	C	75	CD2	3.54627
C	63	O	C	76	N	2.82343
C	63	O	C	77	N	3.99176
C	63	O	C	78	CG2	4.22177
C	63	CB	C	94	SG	3.93756
C	63	CZ3	C	97	O	4.74893
C	63	CE3	C	98	CG1	3.27208
C	64	C	C	65	N	1.32746
C	64	O	C	66	N	4.15169
C	64	O	C	72	CB	4.85994
C	64	CA	C	74	OD1	3.35732
C	64	N	C	75	N	4.859
C	64	N	C	76	N	4.97947
C	64	CA	C	78	O	3.45801
C	64	CB	C	79	C	4.21873
C	64	SG	C	80	SG	2.03261
C	64	SG	C	83	CD1	4.01322
C	65	C	C	66	N	1.32687
C	65	OD1	C	67	N	2.84402
C	65	OD1	C	68	N	4.60405
C	65	OD1	C	72	OG	4.45066
C	65	N	C	74	OD1	3.48468
C	65	N	C	78	O	2.95867
C	65	O	C	79	CA	3.34845
C	65	O	C	80	N	2.98457
C	66	C	C	67	N	1.33066
C	66	OD1	C	68	N	2.9157
C	66	OD1	C	69	OG1	2.74305
C	66	N	C	80	SG	3.62768
C	67	C	C	68	N	1.32735
C	67	C	C	69	N	3.9662
C	68	C	C	69	N	1.32847
C	68	O	C	70	CD	3.98951
C	69	C	C	70	N	1.34354
C	69	O	C	71	N	3.35213
C	69	O	C	72	OG	2.3937
C	70	C	C	71	N	1.33201
C	70	C	C	72	N	3.39475
C	71	C	C	72	N	1.33086
C	71	O	C	73	N	3.47777
C	72	C	C	73	N	1.32709
C	72	C	C	74	N	3.57644
C	73	C	C	74	N	1.33296
C	73	O	C	75	N	3.05541
C	74	C	C	75	N	1.32744
C	74	C	C	76	N	3.13322
C	74	O	C	77	N	2.87818
C	74	OD1	C	78	N	2.9026
C	75	C	C	76	N	1.33022
C	75	C	C	77	N	3.19887
C	75	O	C	97	NZ	2.82166
C	76	C	C	77	N	1.33276
C	76	O	C	78	N	3.2358
C	76	SG	C	94	SG	2.03129
C	76	SG	C	97	CB	4.29503
C	76	SG	C	98	CG1	4.68216
C	77	C	C	78	N	1.32785
C	77	C	C	79	N	4.68506
C	78	C	C	79	N	1.34275
C	78	O	C	80	N	3.51927
C	78	CG1	C	82	CB	3.61147
C	78	CG2	C	83	CG	4.69797
C	78	CG1	C	90	CB	4.61041
C	79	C	C	80	N	1.32569
C	79	C	C	81	N	3.03678
C	79	O	C	82	N	2.96227
C	79	O	C	83	N	4.01061
C	80	C	C	81	N	1.33386
C	80	C	C	82	N	3.13147
C	80	O	C	83	N	2.80324
C	80	O	C	84	N	3.87503
C	81	C	C	82	N	1.33008
C	81	C	C	83	N	2.94338
C	81	O	C	84	N	2.86408
C	81	O	C	85	N	3.7682
C	82	C	C	83	N	1.32918
C	82	C	C	84	N	3.2148
C	82	O	C	85	N	3.65141
C	82	O	C	87	O	4.56285
C	82	O	C	90	CB	3.60199
C	82	O	C	91	N	4.87127
C	83	C	C	84	N	1.33151
C	83	C	C	85	N	3.47489
C	83	CD2	C	90	C	3.72006
C	83	CD2	C	91	OG	3.33288
C	83	CD2	C	94	CB	4.62621
C	84	C	C	85	N	1.32681
C	84	O	C	86	N	3.8493
C	85	C	C	86	N	1.32846
C	85	OG	C	87	N	2.86704
C	85	O	C	88	N	4.7259
C	86	C	C	87	N	1.33121
C	86	O	C	88	N	3.597
C	87	C	C	88	N	1.32816
C	87	OD1	C	89	OG1	2.41314
C	87	O	C	90	N	4.46333
C	88	C	C	89	N	1.32886
C	88	O	C	90	N	3.10455
C	88	O	C	91	N	3.06268
C	88	O	C	92	N	3.00117
C	88	O	C	93	N	4.93409
C	89	C	C	90	N	1.32922
C	89	C	C	91	N	3.45006
C	89	O	C	92	N	3.40515
C	89	O	C	93	N	3.10853
C	90	C	C	91	N	1.33031
C	90	C	C	92	N	3.17853
C	90	O	C	93	N	3.34121
C	90	O	C	94	N	3.07779
C	90	O	C	95	N	4.91359
C	91	C	C	92	N	1.3281
C	91	C	C	93	N	3.44323
C	91	O	C	94	N	3.57795
C	91	O	C	95	N	2.9385
C	92	C	C	93	N	1.33054
C	92	C	C	94	N	3.18866
C	92	O	C	95	N	3.05944
C	92	O	C	96	N	2.8307
C	92	O	C	97	N	4.96531
C	93	C	C	94	N	1.33003
C	93	C	C	95	N	3.31135
C	93	O	C	96	N	3.24059
C	93	O	C	97	N	3.13804
C	94	C	C	95	N	1.32444
C	94	C	C	96	N	3.1611
C	94	O	C	97	N	3.11037
C	94	O	C	98	N	2.9209
C	95	C	C	96	N	1.32821
C	95	C	C	97	N	3.19914
C	95	O	C	98	N	3.12142
C	95	O	C	99	N	2.86339
C	95	O	C	100	N	4.80376
C	95	O	C	108	CH2	3.69066
C	96	C	C	97	N	1.32747
C	96	C	C	98	N	3.26133
C	96	O	C	99	CG1	3.24533
C	96	O	C	100	OG	2.71077
C	97	C	C	98	N	1.32863
C	97	C	C	99	N	3.46812
C	97	O	C	100	N	3.42971
C	97	O	C	101	N	3.93491
C	98	C	C	99	N	1.32548
C	98	C	C	100	N	2.98788
C	98	O	C	101	N	3.00161
C	98	O	C	104	O	4.37452
C	98	CG2	C	107	CB	3.52359
C	98	CG2	C	108	CH2	3.74074
C	99	C	C	100	N	1.32992
C	99	C	C	101	N	3.10734
C	99	O	C	104	CA	3.43952
C	99	CG2	C	105	N	3.40904
C	99	CB	C	108	CZ3	4.34812
C	100	C	C	101	N	1.33159
C	100	O	C	102	N	4.06469
C	101	C	C	102	N	1.32825
C	101	OD2	C	103	ND2	2.78634
C	101	O	C	104	N	3.10104
C	102	C	C	103	N	1.33125
C	102	O	C	104	N	3.14784
C	103	C	C	104	N	1.33037
C	103	O	C	105	N	3.53923
C	103	O	C	106	CB	2.98832
C	103	OD1	C	107	N	4.23965
C	104	C	C	105	N	1.33327
C	104	O	C	106	N	2.93443
C	104	O	C	107	N	3.32662
C	104	O	C	108	CZ3	4.54461
C	105	C	C	106	N	1.3282
C	105	C	C	107	N	2.80004
C	105	O	C	108	N	3.03973
C	105	O	C	111	CE3	3.18345
C	105	O	C	112	CG	4.87864
C	106	C	C	107	N	1.32828
C	106	C	C	108	N	3.23165
C	106	O	C	109	N	4.48382
C	106	OD1	C	111	CZ3	3.4903
C	106	O	C	112	NH2	2.57817
C	106	OD1	C	116	NZ	2.75044
C	107	C	C	108	N	1.32709
C	107	O	C	109	N	3.30769
C	107	O	C	112	NH2	4.57728
C	108	C	C	109	N	1.32919
C	108	O	C	110	N	3.04968
C	108	O	C	111	N	2.66321
C	108	O	C	112	N	3.23799
C	109	C	C	110	N	1.3291
C	109	C	C	111	N	3.07278
C	109	O	C	112	N	3.17789
C	109	O	C	113	N	3.06532
C	110	C	C	111	N	1.32857
C	110	C	C	112	N	3.44375
C	110	O	C	113	N	3.81133
C	110	O	C	114	N	3.11437
C	110	O	C	115	N	4.07669
C	111	C	C	112	N	1.32914
C	111	C	C	113	N	3.30666
C	111	O	C	114	N	3.56003
C	111	O	C	115	N	2.69579
C	111	O	C	116	N	2.60894
C	112	C	C	113	N	1.32712
C	112	C	C	114	N	3.48784
C	112	O	C	115	N	4.17324
C	112	O	C	116	CB	3.28262
C	113	C	C	114	N	1.32896
C	113	C	C	115	N	3.81606
C	114	C	C	115	N	1.32903
C	114	C	C	116	N	4.05723
C	114	O	C	118	CG2	4.09127
C	115	C	C	116	N	1.32656
C	115	O	C	117	N	3.16704
C	115	O	C	118	OG1	2.75346
C	115	O	C	120	CG1	3.43146
C	116	C	C	117	N	1.33012
C	116	C	C	118	N	3.33445
C	117	C	C	118	N	1.32934
C	117	C	C	119	N	4.54485
C	118	C	C	119	N	1.32645
C	118	O	C	120	N	2.66549
C	119	C	C	120	N	1.33112
C	119	O	C	121	N	2.98689
C	119	O	C	122	N	2.90899
C	119	O	C	123	N	4.70412
C	119	OD2	C	125	NH2	2.55134
C	120	C	C	121	N	1.32754
C	120	O	C	122	N	2.80171
C	120	O	C	123	N	2.86487
C	120	O	C	124	N	4.27225
C	121	C	C	122	N	1.32765
C	121	C	C	123	N	3.14401
C	121	O	C	124	CG1	3.2653
C	121	O	C	125	N	3.00389
C	122	C	C	123	N	1.32815
C	122	C	C	124	N	3.2447
C	122	O	C	125	N	3.16616
C	123	C	C	124	N	1.3269
C	123	C	C	125	N	3.37075
C	123	O	C	127	SG	4.22082
C	124	C	C	125	N	1.32633
C	124	O	C	126	N	3.17975
C	124	O	C	127	N	3.09931
C	124	O	C	129	CD2	4.27977
C	125	C	C	126	N	1.32729
C	125	C	C	127	N	3.37534
C	126	C	C	127	N	1.3268
C	126	O	C	128	N	3.70424
C	127	C	C	128	N	1.32603
C	127	C	C	129	N	3.26177
C	128	C	C	129	N	1.32959
