ID1_chainID	ID1_resSeq	ID2_chainID	ID2_resSeq	distance
E	1	E	2	1.33005
E	1	E	3	3.99594
E	1	E	4	3.91589
E	1	E	116	3.87345
E	1	E	117	4.02431
E	1	E	118	3.79058
E	1	E	120	3.53349
E	1	E	121	2.98936
E	1	E	122	3.24165
E	1	E	134	3.83299
E	1	E	135	4.04789
E	1	E	136	3.63614
E	1	E	169	3.36329
E	1	E	170	4.41673
E	1	E	171	4.43142
E	1	E	174	2.62805
E	2	E	3	1.3275
E	2	E	4	3.30614
E	2	E	121	3.86067
E	2	E	122	3.79972
E	2	E	123	3.90314
E	2	E	124	4.09461
E	2	E	136	4.44209
E	2	E	167	3.63306
E	2	E	168	3.17666
E	2	E	169	2.77633
E	2	E	170	4.82359
E	2	E	171	4.04567
E	2	E	195	4.08091
E	2	E	196	3.6549
E	3	E	4	1.32756
E	3	E	5	4.57618
E	3	E	122	4.44766
E	3	E	136	3.9697
E	3	E	167	3.39425
E	3	E	168	3.80586
E	4	E	5	1.32737
E	4	E	6	4.65714
E	4	E	135	3.09369
E	4	E	136	4.29981
E	5	E	6	1.32227
E	5	E	7	3.23913
E	5	E	115	3.34881
E	5	E	133	4.2801
E	5	E	134	3.32917
E	5	E	135	2.62194
E	5	E	136	4.04674
E	5	E	137	3.9546
E	6	E	7	1.33015
E	6	E	8	3.3634
E	6	E	132	3.65079
E	6	E	133	3.74903
E	6	E	134	2.74537
E	6	E	135	4.81112
E	7	E	8	1.32484
E	7	E	9	4.55232
E	7	E	11	3.05777
E	7	E	12	4.00513
E	7	E	117	4.48879
E	7	E	133	3.18019
E	7	E	134	3.17509
E	7	E	135	2.02589
E	8	E	9	1.32428
E	8	E	10	3.19925
E	8	E	11	2.80432
E	8	E	12	4.96555
E	8	E	53	4.13218
E	8	E	133	4.75623
E	9	E	10	1.3304
E	9	E	11	3.16341
E	9	E	53	3.49353
E	10	E	11	1.32796
E	10	E	12	3.29177
E	10	E	13	4.20007
E	10	E	51	3.22596
E	10	E	52	4.07926
E	10	E	53	4.51922
E	10	E	61	4.1816
E	10	E	97	3.85001
E	11	E	12	1.34158
E	11	E	13	3.47186
E	12	E	13	1.3368
E	12	E	14	3.18476
E	12	E	15	3.13756
E	12	E	115	4.33951
E	12	E	117	3.55766
E	12	E	133	3.81627
E	12	E	135	3.77495
E	12	E	178	4.89015
E	13	E	14	1.32622
E	13	E	15	3.30657
E	13	E	97	3.49392
E	13	E	98	3.50109
E	13	E	99	3.10549
E	14	E	15	1.32698
E	14	E	16	3.54847
E	14	E	27	3.73053
E	14	E	28	3.29724
E	14	E	29	2.90455
E	14	E	99	3.00858
E	14	E	100	4.09534
E	14	E	101	3.63419
E	14	E	115	3.90629
E	14	E	117	4.87966
E	14	E	178	3.60327
E	14	E	180	3.4167
E	15	E	16	1.32274
E	15	E	17	4.54752
E	15	E	26	3.99745
E	15	E	27	3.74442
E	15	E	49	4.60312
E	15	E	50	4.81578
E	15	E	51	4.72844
E	15	E	117	2.67667
E	15	E	118	3.91829
E	15	E	119	3.61075
E	15	E	133	3.78042
E	15	E	177	4.39519
E	15	E	178	3.3137
E	16	E	17	1.32619
E	16	E	18	4.1421
E	16	E	25	4.38232
E	16	E	26	3.29962
E	16	E	27	2.9903
E	16	E	28	4.23878
E	16	E	29	4.30858
E	16	E	35	3.84478
E	16	E	48	3.84701
E	16	E	49	3.49592
E	16	E	50	3.96167
E	16	E	119	3.69049
E	17	E	18	1.33022
E	17	E	19	3.76665
E	17	E	23	2.77419
E	17	E	25	3.73529
E	17	E	26	4.61775
E	17	E	47	3.70877
E	17	E	48	3.57504
E	17	E	49	2.82644
E	17	E	52	4.73107
E	17	E	55	4.27419
E	17	E	119	3.78126
E	18	E	19	1.33174
E	18	E	20	4.31382
E	18	E	22	3.82172
E	18	E	23	3.59869
E	18	E	24	3.10396
E	18	E	25	2.79024
E	18	E	26	3.76115
E	18	E	27	4.93135
E	18	E	35	4.70855
E	18	E	37	3.70148
E	18	E	41	4.34241
E	18	E	46	4.23169
E	18	E	47	3.72683
E	18	E	48	4.02857
E	18	E	86	4.66504
E	18	E	88	3.73473
E	19	E	20	1.32289
E	19	E	21	2.71701
E	19	E	22	3.36236
E	19	E	23	3.86655
E	19	E	24	3.89705
E	19	E	45	3.8675
E	19	E	46	3.76024
E	19	E	47	2.77054
E	19	E	48	4.9409
E	19	E	49	3.39266
E	20	E	21	1.32084
E	20	E	22	3.01411
E	20	E	24	3.77493
E	20	E	43	3.78522
E	20	E	44	3.9466
E	20	E	45	3.94451
E	21	E	22	1.33164
E	21	E	23	4.78745
E	22	E	23	1.32817
E	22	E	24	3.37435
E	22	E	43	4.12245
E	22	I	15	3.30632
E	22	I	16	3.75704
E	22	I	17	2.91557
E	23	E	24	1.32743
E	23	E	25	3.17274
E	23	E	26	4.11514
E	23	E	55	3.97448
E	23	E	119	3.67663
E	23	E	120	4.86143
E	23	E	173	2.76168
E	23	I	15	2.86865
E	24	E	25	1.33073
E	24	E	26	4.77428
E	24	E	41	3.22563
E	24	E	43	3.85143
E	24	E	46	3.99095
E	24	E	173	4.30639
E	24	I	14	3.53427
E	24	I	15	2.93401
E	24	I	16	4.09516
E	25	E	26	1.3299
E	25	E	27	4.53882
E	25	E	37	4.61444
E	25	E	41	2.04256
E	25	E	173	4.16039
E	25	E	175	3.47547
E	25	I	14	3.42986
E	26	E	27	1.32178
E	26	E	28	4.78609
E	26	E	36	4.99559
E	26	E	37	2.96598
E	26	E	41	4.90644
E	26	E	173	4.26026
E	26	E	174	4.50719
E	26	E	175	2.80009
E	26	E	176	3.41882
E	26	E	177	3.82658
E	27	E	28	1.33601
E	27	E	29	4.38178
E	27	E	35	4.14419
E	27	E	36	3.31188
E	27	E	37	4.27551
E	27	E	175	4.99596
E	27	E	176	3.20563
E	27	E	177	3.91331
E	27	E	178	4.00106
E	28	E	29	1.32617
E	28	E	30	3.42874
E	28	E	34	4.20708
E	28	E	35	3.21246
E	28	E	36	2.78572
E	28	E	101	4.03625
E	28	E	176	4.27902
E	28	E	177	4.34777
E	28	E	178	3.00128
E	28	E	185	3.6358
E	29	E	30	1.32744
E	29	E	31	3.01932
E	29	E	32	4.59252
E	29	E	34	3.56568
E	29	E	35	3.90008
E	29	E	50	3.88978
E	29	E	90	4.47505
E	29	E	94	4.79203
E	29	E	96	3.58019
E	29	E	98	3.80818
E	29	E	99	3.8122
E	29	E	100	3.06322
E	29	E	101	2.91625
E	30	E	31	1.32549
E	30	E	32	4.75339
E	30	E	34	3.07572
E	30	E	35	4.56525
E	30	E	36	3.71597
E	30	E	87	4.27688
E	30	E	100	3.7158
E	30	E	101	3.83719
E	30	E	103	4.11578
E	30	E	185	4.13339
E	30	E	214	3.71034
E	30	E	218	4.58257
E	31	E	32	1.32995
E	31	E	33	2.8924
E	31	E	34	3.17875
E	31	E	100	3.75605
E	32	E	33	1.3287
E	32	E	34	3.71458
E	32	E	90	3.9214
E	32	E	92	4.49768
E	32	E	93	3.46966
E	32	E	94	2.74208
E	32	E	96	3.78347
E	33	E	34	1.33005
E	33	E	35	4.4861
E	33	E	88	3.89725
E	33	E	89	3.45044
E	33	E	90	2.82752
E	33	E	91	4.05802
E	33	E	92	3.97729
E	33	E	93	3.98934
E	33	E	94	4.88063
E	34	E	35	1.32264
E	34	E	36	4.42317
E	34	E	69	4.98916
E	34	E	71	3.86642
E	34	E	87	3.96662
E	34	E	88	3.45479
E	34	E	89	3.63513
E	34	E	90	4.57742
E	34	E	217	4.43261
E	34	E	218	3.65151
E	34	E	221	3.61523
E	35	E	36	1.32546
E	35	E	37	4.22311
E	35	E	48	4.17851
E	35	E	86	3.94857
E	35	E	87	3.45852
E	35	E	88	2.85574
E	35	E	90	4.33046
E	36	E	37	1.32724
E	36	E	38	4.8027
E	36	E	85	3.83117
E	36	E	86	3.4318
E	36	E	87	3.99427
E	36	E	176	3.79764
E	36	E	185	3.55623
E	36	E	188	3.73454
E	36	E	214	4.93605
E	37	E	38	1.32386
E	37	E	39	4.03606
E	37	E	41	3.77933
E	37	E	84	4.44232
E	37	E	85	3.59728
E	37	E	86	2.92029
E	37	E	88	4.36013
E	37	E	175	4.66084
E	37	E	176	3.42089
E	37	E	188	3.59784
E	38	E	39	1.32743
E	38	E	40	3.23826
E	38	E	41	3.11902
E	38	E	42	4.10329
E	38	E	84	3.59048
E	38	E	85	4.36826
E	38	E	86	3.32123
E	38	E	175	4.80969
E	38	E	176	3.54118
E	38	E	188	3.82671
E	38	E	189	4.05238
E	39	E	40	1.33644
E	39	E	41	3.01192
E	39	E	42	3.06174
E	39	E	72	3.61251
E	39	E	73	4.9929
E	39	E	76	3.5412
E	39	E	83	4.35578
E	39	E	84	2.78592
E	39	E	85	3.59256
E	39	E	86	3.79836
E	40	E	41	1.33018
E	40	E	42	3.19587
E	40	E	76	3.42912
E	40	E	84	2.77446
E	40	E	175	2.56885
E	40	E	189	4.29515
E	40	E	190	3.23649
E	40	I	12	3.67279
E	40	I	13	3.9482
E	40	I	14	3.91914
E	40	I	16	4.25464
E	40	I	34	3.55606
E	40	I	35	3.48969
E	40	I	36	4.44121
E	41	E	42	1.32822
E	41	E	43	3.29191
E	41	E	46	4.12533
E	41	E	86	4.00213
E	41	E	175	3.82081
E	41	E	176	4.22419
E	41	I	14	4.56098
E	42	E	43	1.32721
E	42	E	44	4.69779
E	42	E	46	4.87959
E	42	E	70	3.62725
E	42	E	72	3.95916
E	42	E	86	3.77402
E	43	E	44	1.32398
E	43	E	45	4.04256
E	43	E	46	3.28535
E	43	E	70	4.75988
E	43	I	16	4.49605
E	44	E	45	1.33029
E	44	E	46	3.41271
E	45	E	46	1.32481
E	45	E	47	3.64846
E	46	E	47	1.32589
E	46	E	48	4.1143
E	46	E	65	4.70118
E	46	E	66	3.77915
E	46	E	67	3.2137
E	46	E	70	4.11806
E	46	E	86	4.782
E	46	E	88	4.41761
E	47	E	48	1.32424
E	47	E	49	2.84529
E	47	E	64	3.59332
E	47	E	65	3.75132
E	47	E	66	4.31659
E	47	E	67	4.90049
E	48	E	49	1.32968
E	48	E	50	3.72763
E	48	E	63	3.5331
E	48	E	64	3.39835
E	48	E	65	2.76518
E	48	E	66	4.65531
E	48	E	67	4.87494
E	48	E	88	4.36183
E	48	E	90	3.58824
E	49	E	50	1.3325
E	49	E	51	4.45153
E	49	E	52	3.53341
E	49	E	55	4.54242
E	49	E	63	3.50935
E	49	E	64	3.58569
E	50	E	51	1.33237
E	50	E	52	3.15952
E	50	E	61	4.11072
E	50	E	62	3.19194
E	50	E	63	2.86096
E	50	E	65	4.27415
E	50	E	90	4.52683
E	50	E	94	3.5627
E	50	E	98	3.72526
E	51	E	52	1.33256
E	51	E	53	3.98902
E	51	E	61	3.76302
E	51	E	62	4.06012
E	51	E	97	4.00116
E	51	E	98	3.73948
E	52	E	53	1.32779
E	52	E	54	3.47887
E	52	E	55	4.041
E	52	E	57	4.70404
E	52	E	62	3.40243
E	52	E	64	3.53607
E	52	E	119	3.66112
E	53	E	54	1.33249
E	53	E	55	3.33571
E	53	E	59	3.44016
E	53	E	119	2.86571
E	53	E	131	3.13415
E	53	E	132	3.27646
E	53	E	133	3.40713
E	54	E	55	1.32977
E	54	E	56	2.71733
E	54	E	57	3.16983
E	54	E	59	3.18645
E	54	E	62	4.73469
E	54	E	131	3.04862
E	54	E	132	4.20999
E	55	E	56	1.32888
E	55	E	57	3.56
E	55	E	119	3.59693
E	55	E	130	4.16564
E	55	E	131	2.85235
E	56	E	57	1.32216
E	56	E	58	4.46251
E	56	E	130	4.64777
E	56	E	131	2.97073
E	57	E	58	1.32865
E	57	E	59	3.32636
E	57	E	62	3.40415
E	58	E	59	1.32602
E	58	E	60	3.6127
E	58	E	62	3.39483
E	58	E	64	4.86488
E	59	E	60	1.33045
E	59	E	61	3.48644
E	59	E	62	2.78126
E	60	E	61	1.32664
E	60	E	62	2.83302
E	61	E	62	1.33277
E	61	E	63	4.05321
E	61	E	97	4.70772
E	61	E	98	4.57968
E	62	E	63	1.32467
E	62	E	64	3.47658
E	63	E	64	1.32794
E	63	E	65	3.90644
E	63	E	93	4.99804
E	63	E	94	3.55789
E	63	E	95	2.7853
E	63	E	98	3.59551
E	64	E	65	1.32681
E	64	E	66	4.38482
E	65	E	66	1.32712
E	65	E	67	3.85108
E	65	E	90	3.90864
E	65	E	91	3.87353
E	65	E	92	3.5796
E	65	E	93	4.16537
E	65	E	94	3.7371
E	66	E	67	1.3158
E	66	E	68	3.80081
E	66	E	89	4.41029
E	66	E	90	3.69927
E	66	E	91	2.74208
E	66	E	92	4.79478
E	67	E	68	1.3322
E	67	E	69	3.60318
E	67	E	70	4.4695
E	67	E	88	3.47054
E	67	E	89	3.36525
E	67	E	90	4.50952
E	67	E	91	4.32638
E	68	E	69	1.33584
E	68	E	70	4.62998
E	68	E	89	2.80739
E	68	E	90	3.47227
E	68	E	91	3.77324
E	69	E	70	1.3259
E	69	E	71	4.15501
E	69	E	87	3.99819
E	69	E	88	3.36206
E	69	E	89	2.8131
E	69	E	221	2.9143
E	70	E	71	1.32871
E	70	E	72	3.94504
E	70	E	86	4.33456
E	70	E	87	3.35785
E	70	E	88	4.20075
E	70	E	89	4.93267
E	71	E	72	1.32708
E	71	E	73	3.91922
E	71	E	85	4.44337
E	71	E	86	3.26054
E	71	E	87	2.61643
E	71	E	88	4.83128
E	71	E	213	4.10987
E	71	E	217	3.98458
E	71	E	221	3.78909
E	72	E	73	1.32773
E	72	E	74	3.16564
E	72	E	76	3.70612
E	72	E	85	3.91588
E	72	E	86	4.0368
E	72	E	87	4.8502
E	72	E	213	4.49875
E	73	E	74	1.35356
E	73	E	75	2.94938
E	73	E	76	2.85053
E	73	E	83	3.47582
E	73	E	85	3.02321
E	73	E	86	4.65768
E	73	E	210	3.60053
E	73	E	213	3.77625
E	74	E	75	1.32453
E	74	E	76	3.42558
E	74	E	213	3.88725
E	75	E	76	1.33061
E	75	E	77	3.26406
E	75	E	82	3.73664
E	75	E	83	2.97025
E	76	E	77	1.32483
E	76	E	78	3.77033
E	76	E	81	3.90283
E	76	E	82	3.40652
E	76	E	83	3.51436
E	76	E	84	3.52653
E	76	E	85	4.86446
E	76	I	35	4.92329
E	76	I	36	4.47335
E	77	E	78	1.32607
E	77	E	79	2.71626
E	77	E	80	2.96639
E	77	E	81	2.72497
E	77	E	82	3.02634
E	77	E	83	4.9709
E	78	E	79	1.32716
E	78	E	80	3.66064
E	78	E	81	3.62848
E	78	I	36	4.41899
E	78	I	37	4.21976
E	79	E	80	1.33281
E	79	E	81	3.43573
E	79	I	37	2.88402
E	80	E	81	1.32797
E	80	E	82	3.12172
E	80	E	153	4.67903
E	80	E	158	3.4593
E	80	I	37	4.06554
E	81	E	82	1.33099
E	81	E	83	3.62983
E	81	E	84	3.42411
E	81	E	158	3.78182
E	81	E	190	4.95846
E	81	E	191	3.65023
E	81	I	11	4.50837
E	81	I	12	3.73078
E	81	I	36	3.60388
E	81	I	37	4.14454
E	82	E	83	1.33278
E	82	E	84	3.3517
E	82	E	155	2.67673
E	82	E	157	2.98445
E	82	E	158	4.02086
E	82	E	210	4.59498
E	83	E	84	1.33175
E	83	E	85	2.80398
E	83	E	157	3.37228
E	83	E	210	2.58906
E	84	E	85	1.33492
E	84	E	86	4.59166
E	84	E	188	4.39337
E	84	E	190	2.69736
E	84	E	205	2.81846
E	84	E	210	4.86318
E	85	E	86	1.32815
E	85	E	87	4.60427
E	85	E	188	3.66695
E	85	E	205	4.31328
E	85	E	210	4.00926
E	85	E	213	3.91539
E	85	E	214	3.96927
E	86	E	87	1.32893
E	86	E	88	3.80076
E	86	E	213	4.91319
E	87	E	88	1.32319
E	87	E	89	4.17377
E	87	E	213	3.85804
E	87	E	214	4.24834
E	87	E	217	3.57688
E	87	E	218	3.21569
E	88	E	89	1.32941
E	88	E	90	3.80679
E	89	E	90	1.32324
E	89	E	91	3.81128
E	89	E	221	2.77337
E	90	E	91	1.33265
E	90	E	92	3.10231
E	90	E	94	4.24467
E	91	E	92	1.32608
E	91	E	93	4.63148
E	92	E	93	1.32156
E	92	E	94	3.62683
E	93	E	94	1.32443
E	93	E	95	3.78571
E	94	E	95	1.32445
E	94	E	96	3.31969
E	94	E	98	4.60608
E	95	E	96	1.32442
E	95	E	98	3.88794
E	96	E	98	3.45576
E	96	E	99	4.11738
E	96	E	100	4.37973
E	97	E	98	1.33452
E	97	E	99	4.19775
E	98	E	99	1.32619
E	98	E	100	4.61986
E	99	E	100	1.32699
E	99	E	101	4.15961
E	100	E	101	1.32918
E	100	E	102	4.3413
E	101	E	102	1.33244
E	101	E	103	3.89507
E	101	E	180	3.96592
E	101	E	183	3.53359
E	101	E	184	4.47414
E	101	E	185	4.03899
E	102	E	103	1.32955
E	102	E	104	3.90514
E	102	E	183	3.983
E	102	E	184	3.49527
E	102	E	185	2.85905
E	103	E	104	1.33832
E	103	E	105	3.76617
E	103	E	184	3.40493
E	103	E	185	4.65519
E	103	E	207	4.453
E	103	E	211	4.24183
E	103	E	214	3.78637
E	103	E	215	4.24066
E	104	E	105	1.3324
E	104	E	106	3.29766
E	104	E	184	4.08701
E	104	E	185	2.9373
E	104	E	186	3.20604
E	104	E	207	4.07555
E	104	E	208	3.71507
E	104	E	211	3.59371
E	105	E	106	1.3345
E	105	E	107	4.7645
E	105	E	184	4.92136
E	106	E	107	1.32624
E	106	E	108	3.7961
E	106	E	186	2.94446
E	106	E	208	4.0362
E	107	E	108	1.32691
E	107	E	109	4.05789
E	107	E	186	3.85146
E	107	E	206	4.14827
E	107	E	208	2.03258
E	107	E	209	3.93157
E	108	E	109	1.32642
E	108	E	110	4.2804
E	108	E	112	4.0957
E	108	E	140	3.30425
E	108	E	181	4.84234
E	108	E	186	3.55201
E	108	E	208	4.95892
E	109	E	110	1.33306
E	109	E	111	3.31957
E	109	E	112	2.64133
E	109	E	140	3.79507
E	110	E	111	1.32332
E	110	E	112	3.25776
E	110	E	140	3.47331
E	110	E	141	3.98684
E	110	E	142	3.73537
E	111	E	112	1.32782
E	111	E	113	3.33352
E	111	E	139	4.18406
E	111	E	140	2.73409
E	111	E	141	4.86284
E	112	E	113	1.32715
E	112	E	114	3.79256
E	112	E	138	3.84275
E	112	E	139	3.10651
E	112	E	140	2.78043
E	112	E	181	3.75814
E	113	E	114	1.32671
E	113	E	115	4.59919
E	113	E	138	3.63709
E	113	E	139	4.20112
E	113	E	140	4.97887
E	113	E	180	4.51592
E	113	E	181	3.92116
E	113	E	182	4.69887
E	114	E	115	1.32585
E	114	E	116	3.92067
E	114	E	136	3.42417
E	114	E	137	3.15666
E	114	E	138	2.76035
E	114	E	139	4.74703
E	114	E	140	3.68607
E	114	E	179	3.6541
E	114	E	180	3.22655
E	114	E	181	2.03591
E	115	E	116	1.3278
E	115	E	117	4.22647
E	115	E	135	3.87005
E	115	E	136	3.40695
E	115	E	137	4.26614
E	115	E	178	3.54462
E	115	E	179	3.44249
E	115	E	180	2.83184
E	116	E	117	1.33109
E	116	E	118	4.62061
E	116	E	134	4.05802
E	116	E	135	3.42525
E	116	E	136	2.75154
E	116	E	137	4.96149
E	116	E	138	3.95235
E	116	E	161	4.60031
E	116	E	170	4.76301
E	116	E	178	3.44504
E	116	E	179	4.08229
E	116	E	189	4.06894
E	116	E	204	3.40277
E	117	E	118	1.33494
E	117	E	119	4.83303
E	117	E	133	4.36682
E	117	E	134	3.2787
E	117	E	135	4.14829
E	117	E	174	4.53216
E	117	E	177	4.43765
E	117	E	178	3.41535
E	117	E	189	4.96559
E	118	E	119	1.33337
E	118	E	120	3.36486
E	118	E	130	4.76976
E	118	E	132	4.72604
E	118	E	133	3.51206
E	118	E	134	3.08147
E	118	E	174	3.28243
E	119	E	120	1.32479
E	119	E	121	4.22025
E	119	E	129	4.10364
E	119	E	130	3.44444
E	119	E	131	3.65139
E	119	E	132	3.52836
E	119	E	133	3.26155
E	119	E	173	4.40942
E	119	E	174	3.44133
E	120	E	121	1.32693
E	120	E	122	3.44621
E	120	E	128	4.2382
E	120	E	129	3.88409
E	120	E	130	2.95262
E	120	E	171	4.63611
E	120	E	172	3.16237
E	120	E	173	3.76546
E	120	E	174	2.79624
E	121	E	122	1.32868
E	121	E	123	3.09104
E	121	E	126	2.87686
E	121	E	127	3.49094
E	121	E	128	2.82052
E	121	E	129	3.53043
E	121	E	130	4.68829
E	121	E	171	3.48125
E	121	E	172	2.88655
E	121	E	173	4.9929
E	121	E	174	4.57688
E	122	E	123	1.33071
E	122	E	124	4.32338
E	122	E	128	2.84752
E	122	E	129	4.9792
E	122	E	130	3.80542
E	122	E	134	4.25849
E	123	E	124	1.33395
E	123	E	125	3.54127
E	123	E	126	3.70821
E	123	E	127	4.0255
E	123	E	128	3.72257
E	123	E	171	4.16908
E	123	E	195	4.77145
E	124	E	125	1.33433
E	124	E	126	3.64421
E	124	E	195	3.69968
E	124	E	196	4.20586
E	124	E	197	4.27744
E	125	E	126	2.40148
E	126	E	127	1.32783
E	126	E	128	4.39011
E	127	E	128	1.32033
E	127	E	129	3.28601
E	128	E	129	1.32623
E	128	E	130	3.84615
E	129	E	130	1.33492
E	129	E	131	4.13047
E	129	E	172	3.51075
E	129	I	15	3.65061
E	129	I	32	3.99834
E	130	E	131	1.33048
E	130	E	132	3.49606
E	130	E	134	3.87653
E	131	E	132	1.33291
E	131	E	133	4.37927
E	132	E	133	1.32608
E	132	E	134	3.52799
E	133	E	134	1.33109
E	133	E	135	4.35733
E	134	E	135	1.32781
E	134	E	136	4.55526
E	135	E	136	1.32798
E	135	E	137	4.54183
E	136	E	137	1.32799
E	136	E	138	3.81395
E	136	E	163	4.84879
E	136	E	168	3.66295
E	136	E	169	3.63689
E	136	E	170	4.79832
E	137	E	138	1.32436
E	137	E	139	4.58764
E	137	E	163	2.83291
E	138	E	139	1.34359
E	138	E	140	4.08172
E	138	E	161	4.57738
E	138	E	162	3.85354
E	138	E	163	3.72457
E	139	E	140	1.32634
E	139	E	141	3.48896
E	139	E	160	4.39699
E	139	E	161	3.21254
E	139	E	162	3.09322
E	139	E	163	3.64744
E	140	E	141	1.32798
E	140	E	142	4.29475
E	140	E	159	4.12023
E	140	E	160	3.74936
E	140	E	161	4.2797
E	140	E	181	4.10196
E	141	E	142	1.32559
E	141	E	143	3.69577
E	141	E	145	3.71136
E	141	E	160	2.88386
E	141	E	161	4.17723
E	141	E	162	3.61359
E	141	E	164	4.1199
E	141	E	201	3.92208
E	142	E	143	1.32158
E	142	E	144	3.06806
E	142	E	145	3.0473
E	142	E	146	2.97361
E	142	E	147	4.91556
E	143	E	144	1.33031
E	143	E	145	3.38936
E	143	E	146	3.28322
E	143	E	147	2.8432
E	143	E	148	4.83126
E	143	E	154	4.05504
E	144	E	145	1.32952
E	144	E	146	3.30777
E	144	E	147	3.36717
E	144	E	148	2.932
E	145	E	146	1.33151
E	145	E	147	3.21681
E	145	E	148	3.03889
E	145	E	149	2.91974
E	146	E	147	1.32643
E	146	E	148	3.19076
E	146	E	149	3.17862
E	146	E	150	3.08119
E	146	E	154	3.65301
E	146	E	159	4.01706
E	146	E	160	2.03164
E	147	E	148	1.32766
E	147	E	149	3.32782
E	147	E	150	3.37036
E	147	E	151	3.30033
E	147	E	152	4.76483
E	147	E	154	3.79579
E	148	E	149	1.33648
E	148	E	150	3.3486
E	148	E	151	3.56705
E	149	E	150	1.33302
E	149	E	151	3.49483
E	149	E	199	3.48999
E	149	E	200	2.66275
E	149	E	201	4.02016
E	150	E	151	1.34397
E	150	E	152	3.29177
E	150	E	153	3.12455
E	150	E	154	3.68881
E	150	E	160	4.26797
E	150	E	191	3.59939
E	150	E	192	3.79588
E	150	E	193	3.34083
E	150	E	200	3.4242
E	150	E	201	2.62782
E	150	E	202	4.73024
E	150	E	203	3.68027
E	151	E	152	1.32396
E	151	E	153	3.20733
E	152	E	153	1.32567
E	152	E	154	3.80547
E	153	E	154	1.32676
E	153	E	155	3.72561
E	153	E	158	3.54786
E	153	E	191	3.78443
E	153	I	37	4.03314
E	154	E	155	1.32881
E	154	E	156	4.45834
E	154	E	158	3.97949
E	154	E	160	4.70917
E	154	E	191	4.02922
E	154	E	203	4.26203
E	155	E	156	1.3257
E	155	E	157	2.9909
E	155	E	158	3.20029
E	156	E	157	1.32854
E	156	E	158	3.30884
E	156	E	206	3.38035
E	156	E	209	3.16892
E	157	E	158	1.32686
E	157	E	159	4.5365
E	157	E	204	3.99122
E	157	E	205	3.62594
E	157	E	206	2.81454
E	157	E	209	2.98306
E	157	E	210	2.99689
E	158	E	159	1.32719
E	158	E	160	4.61155
E	158	E	191	3.85507
E	158	E	203	3.81023
E	158	E	204	3.20495
E	158	E	205	4.73475
E	158	E	206	4.12004
E	159	E	160	1.3237
E	159	E	161	4.13283
E	159	E	179	4.10575
E	159	E	186	3.2957
E	159	E	187	3.70472
E	159	E	202	3.97272
E	159	E	203	3.44342
E	159	E	204	2.74703
E	159	E	205	3.75692
E	159	E	206	3.78699
E	159	E	207	4.93737
E	160	E	161	1.32194
E	160	E	162	4.5876
E	160	E	201	3.93751
E	160	E	202	3.26771
E	160	E	203	4.27811
E	160	E	204	4.4563
E	161	E	162	1.32493
E	161	E	163	4.53215
E	161	E	169	4.67529
E	161	E	201	3.61343
E	161	E	202	3.15638
E	161	E	204	3.56773
E	162	E	163	1.32866
E	162	E	164	4.3782
E	162	E	168	4.81395
E	162	E	201	4.6063
E	163	E	164	1.32852
E	163	E	165	3.13475
E	163	E	166	3.05043
E	163	E	168	3.67599
E	163	E	197	4.65648
E	163	E	199	4.99412
E	163	E	201	4.77512
E	164	E	165	1.3235
E	164	E	166	3.11764
E	164	E	197	4.62276
E	164	E	198	3.34762
E	164	E	199	2.70219
E	164	E	200	4.93958
E	164	E	201	4.34593
E	165	E	166	1.32971
E	165	E	167	4.34478
E	165	E	197	4.93392
E	165	E	198	3.67138
E	165	E	199	4.87307
E	166	E	167	1.32858
E	166	E	168	3.3481
E	166	E	196	3.33917
E	166	E	197	3.7345
E	166	E	198	4.10978
E	166	E	199	4.97193
E	167	E	168	1.32703
E	167	E	169	4.23151
E	167	E	196	2.84885
E	167	E	197	4.82292
E	168	E	169	1.33185
E	168	E	170	4.83755
E	168	E	196	3.95289
E	169	E	170	1.33505
E	169	E	171	4.27636
E	169	E	174	4.77895
E	169	E	194	4.56996
E	169	E	195	3.92255
E	169	E	196	2.9701
E	169	E	197	4.64859
E	169	E	200	3.75938
E	169	E	201	4.30805
E	169	E	202	3.35019
E	169	E	204	3.99929
E	170	E	171	1.3281
E	170	E	172	4.79334
E	170	E	174	3.61338
E	170	E	189	3.71538
E	170	E	194	4.95163
E	170	E	195	3.74789
E	170	E	196	4.68484
E	170	E	202	4.46344
E	170	E	204	3.2079
E	170	I	13	3.35264
E	171	E	172	1.33873
E	171	E	173	3.24599
E	171	E	174	2.88717
E	171	E	175	4.35315
E	171	E	195	2.02001
E	171	I	13	3.4417
E	172	E	173	1.3328
E	172	E	174	3.43319
E	172	E	195	3.44071
E	172	I	9	3.73979
E	172	I	10	3.65755
E	172	I	11	4.29151
E	172	I	12	2.69713
E	172	I	13	3.41043
E	172	I	14	3.19709
E	172	I	15	4.2973
E	172	I	32	4.28797
E	172	I	34	4.49609
E	173	E	174	1.34309
E	173	E	175	3.50096
E	173	I	13	2.64612
E	173	I	14	3.50475
E	173	I	15	3.67762
E	174	E	175	1.33183
E	174	E	176	3.4135
E	174	E	177	3.00199
E	174	E	189	3.26098
E	174	I	13	3.22049
E	175	E	176	1.32897
E	175	E	177	3.13745
E	175	E	189	3.50975
E	175	E	190	3.47837
E	175	I	12	4.09817
E	175	I	13	2.58937
E	175	I	14	2.79816
E	175	I	34	4.61613
E	176	E	177	1.32955
E	176	E	178	4.08549
E	176	E	188	3.51984
E	176	E	189	2.85558
E	177	E	178	1.33477
E	177	E	179	4.09615
E	177	E	187	3.9268
E	177	E	188	3.36936
E	177	E	189	2.96629
E	178	E	179	1.32695
E	178	E	180	3.86901
E	178	E	185	3.57301
E	178	E	187	3.84666
E	178	E	189	4.61975
E	179	E	180	1.32058
E	179	E	181	4.08938
E	179	E	184	3.95756
E	179	E	185	3.81812
E	179	E	186	2.92454
E	179	E	187	3.12096
E	179	E	188	4.33986
E	179	E	189	4.61224
E	179	E	204	3.26106
E	180	E	181	1.32507
E	180	E	182	4.21979
E	180	E	183	3.9003
E	180	E	184	3.32049
E	180	E	185	4.06692
E	180	E	186	4.58029
E	181	E	182	1.32667
E	181	E	183	3.22356
E	181	E	184	2.9101
E	181	E	186	3.70365
E	182	E	183	2.2425
E	182	E	184	3.19143
E	183	E	184	1.32074
E	183	E	185	4.39035
E	184	E	185	1.32312
E	184	E	186	3.13045
E	185	E	186	1.33513
E	185	E	187	3.6432
E	185	E	207	3.54087
E	186	E	187	1.32375
E	186	E	188	4.6449
E	186	E	205	3.5512
E	186	E	206	3.86199
E	186	E	207	2.97125
E	186	E	208	3.79538
E	187	E	188	1.32781
E	187	E	189	4.28419
E	187	E	204	4.52697
E	187	E	205	3.10657
E	187	E	207	3.66518
E	188	E	189	1.33613
E	188	E	190	3.1804
E	188	E	203	4.50467
E	188	E	204	3.28801
E	188	E	205	2.93421
E	188	E	207	3.68588
E	189	E	190	1.32557
E	189	E	191	4.4169
E	189	E	203	4.39089
E	189	E	204	3.4687
E	189	I	13	4.00002
E	190	E	191	1.33383
E	190	E	192	4.79163
E	190	E	203	3.25304
E	190	E	204	4.18716
E	190	E	205	3.90492
E	190	I	11	4.5704
E	190	I	12	3.5614
E	190	I	13	3.26637
E	191	E	192	1.32902
E	191	E	193	4.83041
E	191	E	201	4.95157
E	191	E	202	3.76988
E	191	E	203	2.83064
E	191	I	11	3.40968
E	191	I	12	3.9552
E	191	I	13	3.67165
E	192	E	193	1.33012
E	192	E	194	3.66015
E	192	E	201	4.56703
E	192	E	202	4.74336
E	192	E	203	4.65704
E	192	I	11	3.12535
E	192	I	13	3.87462
E	193	E	194	1.32901
E	193	E	195	3.74237
E	193	E	197	3.54743
E	193	E	200	3.72441
E	194	E	195	1.31986
E	194	E	196	4.37566
E	194	E	197	4.44961
E	194	I	13	3.58675
E	195	E	196	1.32761
E	195	E	197	2.93481
E	195	I	13	4.29297
E	196	E	197	1.32627
E	196	E	198	3.88431
E	197	E	198	1.33715
E	197	E	199	3.4686
E	197	E	200	3.20125
E	197	E	201	4.63699
E	198	E	199	1.33155
E	198	E	200	3.04902
E	199	E	200	1.33033
E	199	E	201	3.54189
E	200	E	201	1.3462
E	200	E	202	3.95438
E	201	E	202	1.32466
E	201	E	203	3.77038
E	202	E	203	1.32686
E	202	E	204	3.27213
E	203	E	204	1.3306
E	203	E	205	4.56644
E	204	E	205	1.3294
E	204	E	206	3.47501
E	205	E	206	1.33115
E	205	E	207	3.09239
E	205	E	210	3.88089
E	206	E	207	1.33013
E	206	E	208	3.30909
E	206	E	209	3.21807
E	206	E	210	3.34249
E	207	E	208	1.33161
E	207	E	209	2.96926
E	207	E	210	2.87298
E	207	E	211	3.49356
E	207	E	214	4.19125
E	208	E	209	1.33463
E	208	E	210	3.26963
E	208	E	211	3.88568
E	209	E	210	1.33206
E	209	E	211	3.71452
E	210	E	211	1.32432
E	210	E	212	3.28264
E	210	E	213	3.12256
E	210	E	214	2.78877
E	210	E	215	4.94056
E	211	E	212	1.32609
E	211	E	213	3.34819
E	211	E	214	3.37182
E	211	E	215	2.99474
E	212	E	213	1.33471
E	212	E	214	3.22607
E	212	E	215	3.41675
E	212	E	216	3.03508
E	212	E	217	4.73331
E	213	E	214	1.32694
E	213	E	215	3.42338
E	213	E	216	3.58076
E	213	E	217	2.70926
E	213	E	218	4.76115
E	214	E	215	1.32583
E	214	E	216	3.35544
E	214	E	217	3.29579
E	214	E	218	2.90828
E	214	E	219	4.84999
E	215	E	216	1.32545
E	215	E	217	3.3538
E	215	E	218	3.53224
E	215	E	219	3.12291
E	216	E	217	1.33377
E	216	E	218	3.34298
E	216	E	219	3.16482
E	216	E	220	2.83581
E	217	E	218	1.32521
E	217	E	219	3.20797
E	217	E	220	3.36759
E	217	E	221	2.88472
E	218	E	219	1.32573
E	218	E	220	3.34873
E	218	E	221	3.51244
E	219	E	220	1.32161
E	219	E	221	3.43439
E	220	E	221	1.32565
I	1	I	2	1.33372
I	1	I	3	3.02744
I	1	I	4	3.01077
I	1	I	5	3.92932
I	1	I	56	3.86969
I	2	I	3	1.33747
I	2	I	4	3.14869
I	2	I	5	3.28361
I	2	I	40	3.31229
I	2	I	41	3.25235
I	2	I	43	4.26699
I	2	I	52	3.73304
I	2	I	53	3.95393
I	3	I	4	1.32682
I	3	I	5	3.37184
I	3	I	21	3.43986
I	3	I	23	4.76048
I	3	I	41	3.44198
I	3	I	52	4.14198
I	3	I	53	2.01283
I	3	I	56	3.87264
I	4	I	5	1.32673
I	4	I	6	3.80782
I	4	I	21	4.76406
I	4	I	23	3.75086
I	4	I	41	4.69247
I	4	I	56	3.55599
I	5	I	6	1.33791
I	5	I	7	3.74834
I	5	I	20	4.89559
I	5	I	21	4.59729
I	5	I	41	2.90038
I	6	I	7	1.34377
I	6	I	8	3.52971
I	7	I	8	1.32572
I	7	I	9	4.0671
I	7	I	20	3.61513
I	7	I	31	3.64688
I	7	I	41	4.75389
I	8	I	9	1.3294
I	8	I	10	3.39297
I	8	I	11	3.93109
I	8	I	31	3.59392
I	8	I	33	3.7767
I	8	I	36	4.92148
I	8	I	37	3.25444
I	8	I	38	4.75077
I	8	I	39	3.58434
I	8	I	42	4.68139
I	9	I	10	1.32664
I	9	I	11	4.3941
I	9	I	12	4.82447
I	9	I	31	4.36204
I	9	I	32	2.78122
I	9	I	33	3.49209
I	9	I	34	2.81664
I	9	I	35	4.46668
I	9	I	36	4.27303
I	10	I	11	1.34316
I	10	I	12	3.52619
I	10	I	34	4.95062
I	10	I	36	4.15166
I	11	I	12	1.33554
I	11	I	13	3.54436
I	11	I	36	3.84026
I	11	I	37	3.60531
I	12	I	13	1.31943
I	12	I	14	3.51336
I	12	I	34	3.05086
I	12	I	35	4.30624
I	12	I	36	2.0082
I	13	I	14	1.08744
I	13	I	15	4.21277
I	13	I	34	3.6455
I	14	I	15	1.32634
I	14	I	16	3.7523
I	14	I	32	4.14681
I	14	I	33	3.55249
I	14	I	34	2.99701
I	14	I	35	4.52545
I	15	I	16	1.32671
I	15	I	17	3.99805
I	15	I	32	3.76087
I	15	I	33	4.04856
I	16	I	17	1.3292
I	16	I	18	3.46093
I	16	I	31	3.56959
I	16	I	32	3.56791
I	16	I	33	2.71368
I	16	I	34	4.88118
I	16	I	35	3.9408
I	17	I	18	1.33444
I	17	I	19	4.6621
I	17	I	30	3.83064
I	17	I	31	3.56968
I	17	I	32	4.94295
I	17	I	33	4.93394
I	18	I	19	1.33005
I	18	I	20	4.43536
I	18	I	29	3.83524
I	18	I	30	3.10732
I	18	I	31	2.89919
I	18	I	33	3.74354
I	18	I	42	2.89643
I	18	I	43	3.31656
I	18	I	44	3.76381
I	19	I	20	1.32577
I	19	I	21	4.54434
I	19	I	28	4.42132
I	19	I	29	3.07821
I	19	I	30	3.55411
I	19	I	31	3.67434
I	19	I	41	3.99645
I	19	I	42	3.29804
I	19	I	43	2.7534
I	19	I	44	4.0101
I	19	I	45	3.60157
I	19	I	46	3.71638
I	19	I	49	4.14925
I	20	I	21	1.32194
I	20	I	22	3.46166
I	20	I	27	4.01966
I	20	I	28	3.23304
I	20	I	29	2.84578
I	20	I	30	3.77642
I	20	I	31	3.53452
I	20	I	41	3.43667
I	20	I	42	4.86351
I	20	I	43	4.46993
I	20	I	49	3.69523
I	21	I	22	1.327
I	21	I	23	3.65395
I	21	I	26	3.9295
I	21	I	27	3.78852
I	21	I	28	3.9045
I	21	I	41	2.74139
I	21	I	43	4.66214
I	21	I	49	3.60357
I	21	I	53	3.49892
I	21	I	54	3.98747
I	21	I	55	3.22974
I	21	I	56	3.24108
I	22	I	23	1.32736
I	22	I	24	3.10479
I	22	I	25	3.34497
I	22	I	26	2.74391
I	22	I	27	2.76377
I	22	I	28	4.51851
I	22	I	29	3.02593
I	23	I	24	1.3287
I	23	I	25	3.38406
I	23	I	26	3.32836
I	23	I	27	4.9661
I	23	I	56	4.54486
I	24	I	25	1.32836
I	24	I	26	3.23449
I	25	I	26	1.32173
I	25	I	27	3.25411
I	25	I	29	4.80442
I	26	I	27	1.32886
I	26	I	28	4.73627
I	27	I	28	1.32884
I	27	I	29	3.32716
I	27	I	50	4.99872
I	28	I	29	1.33137
I	28	I	30	4.56227
I	28	I	46	4.28618
I	28	I	49	2.01928
I	28	I	50	3.59423
I	29	I	30	1.32314
I	29	I	31	4.15632
I	30	I	31	1.32946
I	30	I	32	4.72276
I	31	I	32	1.32171
I	31	I	33	3.67352
I	31	I	41	4.1905
I	31	I	42	3.76475
I	32	I	33	1.32668
I	32	I	34	4.08951
I	33	I	34	1.32845
I	33	I	35	3.30506
I	33	I	36	3.13468
I	33	I	37	3.48165
I	33	I	38	3.10623
I	33	I	42	3.46949
I	34	I	35	1.32816
I	34	I	36	3.5755
I	35	I	36	1.32414
I	35	I	37	4.62587
I	36	I	37	1.32952
I	36	I	38	3.3612
I	37	I	38	1.32455
I	37	I	39	3.56608
I	38	I	39	1.3275
I	38	I	40	4.38612
I	38	I	42	3.36634
I	39	I	40	1.32244
I	39	I	41	3.41591
I	39	I	42	3.3195
I	40	I	41	1.32575
I	40	I	42	2.85503
I	40	I	43	3.68281
I	41	I	42	1.33018
I	41	I	43	3.49533
I	41	I	53	4.32576
I	42	I	43	1.33057
I	42	I	44	4.54327
I	43	I	44	1.32732
I	43	I	45	3.31237
I	43	I	48	3.90703
I	43	I	49	3.48619
I	43	I	52	3.59097
I	43	I	53	3.83601
I	44	I	45	1.32403
I	44	I	46	4.63499
I	44	I	48	4.60677
I	45	I	46	1.32764
I	45	I	47	3.18207
I	45	I	48	3.06009
I	45	I	49	3.1371
I	46	I	47	1.33427
I	46	I	48	3.35658
I	46	I	49	3.25413
I	46	I	50	2.80609
I	46	I	51	4.88467
I	47	I	48	1.33795
I	47	I	49	3.22242
I	47	I	50	3.34343
I	47	I	51	2.93283
I	47	I	52	4.97752
I	48	I	49	1.32396
I	48	I	50	3.33479
I	48	I	51	2.99609
I	48	I	52	3.00476
I	48	I	53	4.75671
I	49	I	50	1.32992
I	49	I	51	3.32786
I	49	I	52	3.4663
I	49	I	53	2.83338
I	49	I	54	3.60903
I	50	I	51	1.33205
I	50	I	52	3.35463
I	50	I	53	3.81046
I	50	I	54	2.84069
I	51	I	52	1.32491
I	51	I	53	3.64357
I	51	I	54	4.73265
I	52	I	53	1.32929
I	52	I	54	3.85089
I	53	I	54	1.33189
I	53	I	55	3.23508
I	53	I	56	2.99671
I	54	I	55	1.33056
I	54	I	56	3.35552
I	55	I	56	1.33362
