Vertex	Degree	Closeness	Betweenness	PageRank	Eigenvector
A_1	6	0.00102669	4.74183	0.00313033	0.0192521
A_2	14	0.00125	360.118	0.00612218	0.0724606
A_3	9	0.00115075	67.2658	0.00417449	0.0420126
A_4	13	0.00136054	547.868	0.00549077	0.0834998
A_5	9	0.00119332	105.691	0.00399656	0.0507652
A_6	15	0.00134228	727.26	0.00611956	0.090977
A_7	9	0.0011655	191.311	0.00398119	0.0475352
A_8	7	0.00110132	195.763	0.00333804	0.0251682
A_9	10	0.00102354	128.304	0.004495	0.0345876
A_10	8	0.000988142	202.196	0.00386918	0.0196028
A_11	9	0.000959693	110.453	0.00430409	0.018935
A_12	10	0.000878735	211.594	0.00501856	0.015814
A_13	10	0.0008726	27.4458	0.00476444	0.0179452
A_14	8	0.000907441	20.8658	0.00383694	0.019925
A_15	9	0.00101937	221.414	0.00413235	0.0298629
A_16	9	0.00105263	88.9675	0.00398823	0.0402687
A_17	13	0.00115207	564.354	0.00546423	0.0604336
A_18	8	0.00113766	85.8626	0.00351185	0.0503624
A_19	14	0.00122399	761.088	0.00560227	0.0937275
A_20	11	0.00118343	135.293	0.00456714	0.0784608
A_21	17	0.00140252	1120.74	0.00660908	0.140595
A_22	10	0.00125471	123.697	0.00432059	0.0695579
A_23	17	0.00139276	920.124	0.0068865	0.121166
A_24	8	0.0010989	20.9895	0.00378747	0.0373677
A_25	8	0.00110497	20.3688	0.00379538	0.0367991
A_26	11	0.00118343	137.59	0.00492091	0.0582992
A_27	11	0.00114548	82.7084	0.00486593	0.0619413
A_28	5	0.00104167	1.62105	0.00260432	0.023505
A_29	7	0.00109051	13.8064	0.00331924	0.0420627
A_30	12	0.0012285	235.441	0.00514436	0.0792855
A_31	18	0.00137174	756.948	0.00712671	0.141583
A_32	18	0.00137741	1230.97	0.00709981	0.134164
A_33	12	0.00141643	294.346	0.00473535	0.122896
A_34	15	0.00153846	1392.16	0.00570965	0.165765
A_35	12	0.00149701	367.726	0.0047408	0.123291
A_36	16	0.00153139	1397.96	0.0061696	0.150245
A_37	16	0.00148588	2079.57	0.00627675	0.124152
A_38	16	0.00147929	1651.54	0.00623388	0.127903
A_39	11	0.00131234	703.16	0.00467083	0.066123
A_40	16	0.00124378	490.053	0.0065485	0.0847044
A_41	7	0.0010989	250.241	0.00336067	0.0260386
A_42	10	0.00102669	104.345	0.00461067	0.0331721
A_43	6	0.00095511	101.278	0.00309292	0.0144109
A_44	10	0.00098912	90.3013	0.00455701	0.0298353
A_45	14	0.00109649	373.315	0.00590808	0.0585627
A_46	10	0.00106496	73.6495	0.00430042	0.0511913
A_47	14	0.00125156	558.032	0.00560388	0.0912805
A_48	9	0.00115875	124.476	0.00386485	0.0547175
A_49	8	0.00116279	18.5693	0.00345492	0.059389
A_50	16	0.00135501	709.861	0.00623652	0.125466
A_51	9	0.00127226	151.227	0.00383094	0.0730569
A_52	9	0.00124378	83.9991	0.00391366	0.0694688
A_53	9	0.00121065	47.7013	0.00396192	0.0626308
A_54	6	0.00110497	26.5633	0.00297836	0.0301311
A_55	11	0.00119048	127.471	0.00487327	0.0639489
A_56	11	0.00125628	211.937	0.00488977	0.0681997
A_57	7	0.0010627	70.4517	0.00355695	0.0241569
A_58	7	0.00113766	21.358	0.00350079	0.0312925
A_59	6	0.00112613	14.1567	0.00310122	0.0270893
A_60	5	0.00112994	6.43799	0.00266336	0.0243979
A_61	11	0.001287	340.013	0.00482624	0.0725729
A_62	15	0.0013947	722.479	0.00616607	0.115163
A_63	10	0.00138696	351.627	0.00410645	0.0917931
A_64	9	0.00131926	71.4284	0.00373846	0.0852797
A_65	11	0.00128866	278.321	0.0045642	0.0802227
A_66	11	0.00125	183.256	0.00457809	0.0748456
A_67	8	0.00113507	72.0087	0.00370057	0.0393362
A_68	10	0.00111607	79.1369	0.00445967	0.0464597
A_69	5	0.000999001	1.18004	0.00264107	0.016345
A_70	7	0.0010846	29.9381	0.00337	0.0302364
A_71	10	0.00118906	196.156	0.00442874	0.0533986
A_72	15	0.00132275	923.398	0.0060225	0.101378
A_73	13	0.00140845	444.134	0.00510618	0.116242
A_74	14	0.001443	553.599	0.00543577	0.127973
A_75	17	0.0015361	1755.82	0.00637611	0.176608
A_76	15	0.00150376	883.454	0.00575383	0.150566
A_77	16	0.00149254	1254.21	0.0062204	0.152343
A_78	13	0.00138122	584.951	0.00517155	0.111553
A_79	11	0.00132802	270.539	0.0046158	0.0844409
A_80	10	0.00122249	258.398	0.00450207	0.0546299
A_81	9	0.00113895	167.067	0.00414047	0.0434464
A_82	5	0.00103306	40.5232	0.00270714	0.0157672
A_83	11	0.0011325	155.206	0.00495945	0.0534583
A_84	6	0.00107066	55.0113	0.00310295	0.0224698
A_85	11	0.00122399	213.273	0.00498662	0.0563042
A_86	11	0.00125156	147.83	0.00476684	0.0742066
A_87	14	0.00129199	401.682	0.00579246	0.103947
A_88	9	0.00110988	59.8943	0.00412282	0.0497664
A_89	6	0.00109051	8.11921	0.00296406	0.0304677
A_90	9	0.00112108	50.3821	0.00414755	0.0436415
A_91	8	0.00124224	102.387	0.00360676	0.0580579
A_92	12	0.00127065	205.398	0.00503972	0.0850827
A_93	19	0.00148148	1248.65	0.00733882	0.165194
A_94	13	0.00132802	330.93	0.00517457	0.114174
A_95	14	0.00131926	367.777	0.00558781	0.107081
A_96	15	0.00136426	974.984	0.0058255	0.1227
A_97	14	0.00121507	404.472	0.00563567	0.0870057
A_98	16	0.00125156	1055.35	0.0063642	0.0921876
A_99	14	0.00107643	446.994	0.00590869	0.0566132
A_100	16	0.00104493	478.701	0.00686309	0.048041
A_101	10	0.000922509	67.7166	0.00470198	0.0230546
A_102	7	0.000900901	27.5982	0.00349325	0.0153797
A_103	6	0.000839631	10.1206	0.00321858	0.00796662
A_104	10	0.000888099	59.3455	0.00482797	0.0170928
A_105	7	0.000877193	28.322	0.00367894	0.00976159
A_106	7	0.000781861	8.57606	0.00379218	0.00736551
A_107	5	0.000845309	4.95781	0.00282793	0.0062162
A_108	11	0.000921659	176.281	0.00528288	0.0190501
A_109	7	0.001002	168.078	0.00347112	0.0172538
A_110	14	0.00106045	651.991	0.00612941	0.0396865
A_111	9	0.00113122	359.044	0.00407104	0.0359516
A_112	15	0.00126103	967.574	0.00608905	0.0804879
A_113	9	0.00130378	355.253	0.00391147	0.0564023
A_114	12	0.00137741	458.497	0.00505178	0.0769832
A_115	9	0.0013369	274.366	0.00407102	0.0522249
A_116	5	0.00123457	20.8508	0.00261584	0.0242617
A_117	5	0.00129534	291.589	0.00261552	0.023908
A_118	11	0.0013947	522.153	0.00479399	0.0719485
A_119	11	0.00140647	265.43	0.00475187	0.0756696
A_120	11	0.00141844	460.133	0.00452773	0.0953882
A_121	17	0.0014556	1245.16	0.00676151	0.13409
A_122	19	0.00141844	1506	0.00749242	0.138063
A_123	13	0.00128866	238.824	0.00545622	0.0874059
A_124	8	0.00117509	47.0549	0.00359099	0.0528976
A_125	9	0.00118203	71.7711	0.00390748	0.0621836
A_126	8	0.00116822	212.049	0.00364801	0.0447266
A_127	8	0.00123916	75.0923	0.00361771	0.052486
A_128	9	0.00129702	217.436	0.00405876	0.0585447
A_129	12	0.00125471	247.007	0.00529326	0.0726762
A_130	4	0.00110011	13.2865	0.00231353	0.0153944
A_131	6	0.00108342	22.4866	0.00319827	0.0201023
A_132	8	0.00119617	122.648	0.00386762	0.0394972
A_133	8	0.00115741	118.702	0.00389988	0.0298964
A_134	10	0.00136612	647.094	0.00439494	0.0614652
A_135	7	0.0011919	165.981	0.00331559	0.0322895
A_136	10	0.00124224	418.638	0.00442408	0.044329
A_137	10	0.00112994	255.094	0.00443674	0.0393097
A_138	11	0.00110619	258.954	0.00488759	0.0356296
A_139	15	0.00110619	744.918	0.00634192	0.0552066
A_140	10	0.000948767	78.9117	0.00467317	0.022128
A_141	14	0.00092081	326.466	0.00658429	0.0236215
A_142	9	0.000838223	71.6642	0.00469671	0.0107126
A_143	5	0.000773994	5.06632	0.00300897	0.00484407
A_144	3	0.00074239	0	0.00207293	0.00253082
B_1	4	0.00094697	3.69414	0.00231665	0.00754929
B_2	7	0.000965251	21.0612	0.00353783	0.0141928
B_3	10	0.00111483	275.383	0.00465472	0.0281912
B_4	12	0.00113122	467.029	0.0054101	0.033323
B_5	11	0.00115607	193.836	0.00472856	0.0470629
B_6	14	0.00116279	343.986	0.00601836	0.0483268
B_7	13	0.00110742	162.032	0.00551607	0.0521203
B_8	11	0.00121655	567.185	0.00476677	0.0530642
B_9	7	0.0010582	11.3185	0.00332577	0.0274244
B_10	8	0.00121359	144.803	0.00366999	0.0403511
B_11	6	0.00110865	12.9767	0.00299483	0.0203328
B_12	8	0.00115075	28.3203	0.00368271	0.0354948
B_13	14	0.00136612	1645.21	0.00588761	0.0722451
B_14	12	0.00138504	551.769	0.00492821	0.0854566
B_15	16	0.00148588	1224.11	0.00611453	0.145189
B_16	12	0.00126743	206.22	0.00491701	0.0832015
B_17	16	0.00128041	459.624	0.00642504	0.0920065
B_18	12	0.00130378	230.088	0.00481233	0.0902631
B_19	13	0.00128535	505.381	0.00519543	0.0974758
B_20	16	0.00114679	344.631	0.00654131	0.0803729
B_21	18	0.00122399	866.591	0.00721532	0.0896204
B_22	14	0.00124378	700.058	0.00573835	0.0829845
B_23	12	0.00120048	472.203	0.00518791	0.0584025
B_24	15	0.00110619	536.557	0.00647442	0.0554191
B_25	10	0.00107527	108.946	0.00446525	0.0408244
B_26	8	0.0010582	34.5603	0.00372637	0.033254
B_27	7	0.000984252	9.25164	0.00347283	0.0200639
B_28	8	0.000994036	84.9035	0.00394688	0.0214367
B_29	8	0.00101833	36.031	0.00386459	0.0248621
B_30	6	0.00091659	9.31379	0.00311844	0.0145022
B_31	6	0.000930233	9.42322	0.00307453	0.0155331
B_32	13	0.00102459	168.21	0.00570601	0.0424467
B_33	8	0.00104712	185.249	0.00383523	0.0266565
B_34	14	0.00106045	351.384	0.00633439	0.0337365
B_35	4	0.000890472	3.27787	0.00229006	0.00841839
B_36	9	0.000915751	29.7857	0.0044002	0.0174562
B_37	10	0.000988142	51.5998	0.00460188	0.0265005
B_38	11	0.000959693	133.171	0.00496202	0.0286535
B_39	8	0.000969932	26.8566	0.00381449	0.018491
B_40	14	0.00100908	136.839	0.0060938	0.0371784
B_41	13	0.00103413	186.965	0.00559746	0.0416574
B_42	14	0.000986193	193.261	0.00632964	0.0302426
B_43	13	0.00111982	263.798	0.00569419	0.0408875
B_44	11	0.00105374	303.031	0.00520834	0.023355
B_45	7	0.00094162	13.1548	0.00356395	0.0145149
B_46	5	0.000887311	0.2	0.00279436	0.00752088
B_47	6	0.000927644	9.60612	0.00319513	0.0102465
B_48	7	0.000944287	20.9208	0.00354897	0.0148656
B_49	12	0.00101833	209.017	0.00534174	0.0365114
B_50	8	0.0010395	37.8393	0.00375501	0.0271992
B_51	7	0.00102249	18.611	0.00336034	0.0222091
B_52	8	0.0010989	32.6578	0.00372272	0.0291612
B_53	15	0.00114155	463.964	0.00645773	0.0491904
B_54	11	0.00123457	329.535	0.0047191	0.0547631
B_55	8	0.00117786	107.332	0.00363364	0.0376416
B_56	13	0.00126103	718.586	0.00558035	0.0543159
B_57	17	0.00136054	1305.67	0.0068092	0.0927917
B_58	14	0.00140647	1036.38	0.00556648	0.103436
B_59	10	0.001287	163.678	0.00429331	0.0607171
B_60	14	0.00140056	1513.49	0.00579539	0.0830564
B_61	14	0.0015015	1298.77	0.00550295	0.115734
B_62	14	0.00143062	641.317	0.00553583	0.114442
B_63	11	0.00134953	528.242	0.00457106	0.0793038
B_64	7	0.00120048	96.9186	0.00327826	0.038337
B_65	9	0.00115875	189.15	0.0042282	0.0335586
B_66	7	0.00120337	326.427	0.00353197	0.0239031
B_67	6	0.00104603	13.274	0.00330033	0.0116291
B_68	14	0.00123153	689.731	0.00633861	0.0446371
B_69	9	0.00106383	61.5893	0.00447592	0.0200745
B_70	9	0.00102354	61.1604	0.00444717	0.0184752
B_71	8	0.00105042	200.056	0.00441058	0.013123
B_72	6	0.000988142	44.1912	0.00356243	0.00885097
B_73	2	0.000857633	0	0.00166455	0.00177275
